{
    "training": {
        "MAPE": 13128.570002960942,
        "MAE": 2.707009393975968,
        "MSE": 40.75106383162307,
        "DA": 0.499964976183805
    },
    "validation": {
        "MAPE": 7877.690282076482,
        "MAE": 3.2849511014654413,
        "MSE": 72.06596307785287,
        "DA": 0.5131689548893247
    }
}