{
    "training": {
        "MAPE": 1.173443988979669,
        "MAE": 0.8747285078604137,
        "MSE": 4.297539819147512,
        "DA": 0.5386691435481328
    },
    "validation": {
        "MAPE": 1.2977515541184248,
        "MAE": 1.8533767625656954,
        "MSE": 21.896435332283325,
        "DA": 0.5195207892882312
    }
}