{
    "training": {
        "MAPE": 12325.712530456623,
        "MAE": 2.6261343336419603,
        "MSE": 43.16564402126852,
        "DA": 0.5066545250770523
    },
    "validation": {
        "MAPE": 6770.833231549169,
        "MAE": 2.951212489676027,
        "MSE": 56.07614842989892,
        "DA": 0.5110675259176239
    }
}