{
    "training": {
        "MAPE": 1.0582276277045741,
        "MAE": 0.7766476973242439,
        "MSE": 2.849448201503393,
        "DA": 0.6218608156183734
    },
    "validation": {
        "MAPE": 1.1855493530464094,
        "MAE": 1.667960950441807,
        "MSE": 17.64205717138228,
        "DA": 0.6033826638477802
    }
}