{
    "training": {
        "MAPE": 573.6878123906819,
        "MAE": 1.2499756828723232,
        "MSE": 5.619218389798524,
        "DA": 0.5214190093708166
    },
    "validation": {
        "MAPE": 150.5425313434909,
        "MAE": 2.897598066113786,
        "MSE": 15.959681533336884,
        "DA": 0.4457831325301205
    }
}