{
    "training": {
        "MAPE": 0.0,
        "MAE": 0.0,
        "MSE": 0.0,
        "DA": 1.0
    },
    "validation": {
        "MAPE": 7.897239665574481,
        "MAE": 14.09539597716827,
        "MSE": 1912.6923013590388,
        "DA": 0.4831571529245947
    }
}