{
    "training": {
        "MAPE": 1.0445706472122012,
        "MAE": 1.732100888045158,
        "MSE": 7.130003876483624,
        "DA": 0.5241233066367571
    },
    "validation": {
        "MAPE": 17.92458930402657,
        "MAE": 13.396640503937604,
        "MSE": 4373.347750118988,
        "DA": 0.5128964059196618
    }
}