{
    "training": {
        "MAPE": 146.81173623326745,
        "MAE": 49.97106981473733,
        "MSE": 9190.949171027221,
        "DA": 0.5038642855891063
    },
    "validation": {
        "MAPE": 135.3482348432572,
        "MAE": 100.95792546776502,
        "MSE": 54479.270745166905,
        "DA": 0.49682875264270615
    }
}