{
    "training": {
        "MAPE": 1.1224432113516418,
        "MAE": 0.8088265343605386,
        "MSE": 3.4530148597162262,
        "DA": 0.6314645730008236
    },
    "validation": {
        "MAPE": 3.6547917505160163,
        "MAE": 9.510966875353391,
        "MSE": 1568.84060587448,
        "DA": 0.5093727977448906
    }
}