{
    "training": {
        "MAPE": 885.082416481511,
        "MAE": 1.258638953984621,
        "MSE": 6.196004836639533,
        "DA": 0.5240963855421686
    },
    "validation": {
        "MAPE": 110.4220547962904,
        "MAE": 2.80012480065361,
        "MSE": 15.920957034823521,
        "DA": 0.5421686746987951
    }
}