{
    "training": {
        "MAPE": 1.938211213743125,
        "MAE": 0.9828261178324422,
        "MSE": 4.687896922374233,
        "DA": 0.5330611100401326
    },
    "validation": {
        "MAPE": 1.7979864964084966,
        "MAE": 2.037686692326301,
        "MSE": 26.735356898200703,
        "DA": 0.5214940098661028
    }
}