{
    "training": {
        "MAPE": 1.1351767540871196,
        "MAE": 0.80870752081204,
        "MSE": 3.805290546133818,
        "DA": 0.6501288095196369
    },
    "validation": {
        "MAPE": 1.6333946282641363,
        "MAE": 2.813787430733586,
        "MSE": 67.3026927647333,
        "DA": 0.49852008456659624
    }
}