{
    "training": {
        "MAPE": 2.3208396401387583,
        "MAE": 1.055582808859544,
        "MSE": 4.810175246154826,
        "DA": 0.48018786912251804
    },
    "validation": {
        "MAPE": 2.061499973431523,
        "MAE": 2.324727230850272,
        "MSE": 49.70973968905405,
        "DA": 0.48752642706131083
    }
}