{
    "training": {
        "MAPE": 1907.6191887523216,
        "MAE": 0.9688612481372185,
        "MSE": 4.8794161168720604,
        "DA": 0.5070047632390025
    },
    "validation": {
        "MAPE": 1218.0938882604078,
        "MAE": 1.8914828077848735,
        "MSE": 21.975880320633504,
        "DA": 0.511207621182404
    }
}