{
    "training": {
        "MAPE": 1.1815363151743365,
        "MAE": 0.880067414126165,
        "MSE": 4.324033926459849,
        "DA": 0.5335167627626576
    },
    "validation": {
        "MAPE": 1.2946641310903018,
        "MAE": 1.843777440969736,
        "MSE": 21.582103129717787,
        "DA": 0.5303735024665257
    }
}