{
    "training": {
        "MAPE": 4.6097739860865685,
        "MAE": 1.6076932777521853,
        "MSE": 10.32815261599405,
        "DA": 0.5243072321998785
    },
    "validation": {
        "MAPE": 3.6467478343415487,
        "MAE": 3.1203992472432445,
        "MSE": 71.53866373662882,
        "DA": 0.5114869626497534
    }
}