{
    "training": {
        "MAPE": 12695.399521794989,
        "MAE": 2.6365806539996353,
        "MSE": 42.533014278772235,
        "DA": 0.5110149901933315
    },
    "validation": {
        "MAPE": 6814.046162481731,
        "MAE": 2.9425336628556416,
        "MSE": 53.939204472791836,
        "DA": 0.5121882880358644
    }
}