{
    "training": {
        "MAPE": 1446.9265973211295,
        "MAE": 0.8346504530341927,
        "MSE": 1.6998515711381352,
        "DA": 0.7677376171352075
    },
    "validation": {
        "MAPE": 464.59648917330264,
        "MAE": 4.182498619222494,
        "MSE": 31.243375597263753,
        "DA": 0.4879518072289157
    }
}