{
    "training": {
        "MAPE": 2.407114668166308,
        "MAE": 1.056044446780806,
        "MSE": 4.7106690699664995,
        "DA": 0.53346418744852
    },
    "validation": {
        "MAPE": 2.1720304577602194,
        "MAE": 2.11697021276886,
        "MSE": 28.19003359305635,
        "DA": 0.5245947850599013
    }
}