{
    "training": {
        "MAPE": 12293.33229015251,
        "MAE": 2.6308251515667087,
        "MSE": 43.69512668086894,
        "DA": 0.5060591202017372
    },
    "validation": {
        "MAPE": 6792.530106699162,
        "MAE": 2.9549561403876083,
        "MSE": 56.37703517238842,
        "DA": 0.5102269543289436
    }
}