{
    "training": {
        "MAPE": 5.773987654956515,
        "MAE": 1.4929876232661325,
        "MSE": 4.026667944681106,
        "DA": 0.49763991908294
    },
    "validation": {
        "MAPE": 6.234612637189149,
        "MAE": 3.5869681398311775,
        "MSE": 19.174707882732392,
        "DA": 0.5180722891566265
    }
}