{
    "training": {
        "MAPE": 146.96180038069232,
        "MAE": 50.299425676383244,
        "MSE": 9314.090889800473,
        "DA": 0.5036189341231313
    },
    "validation": {
        "MAPE": 131.87534650385075,
        "MAE": 101.66313330062734,
        "MSE": 54944.8359957376,
        "DA": 0.49837914023960533
    }
}