{
    "training": {
        "MAPE": 149.5033811106028,
        "MAE": 49.245206674356986,
        "MSE": 9235.030308909481,
        "DA": 0.5016911726047564
    },
    "validation": {
        "MAPE": 160.43286909386222,
        "MAE": 97.65649367454573,
        "MSE": 52095.35672250722,
        "DA": 0.4999295278365046
    }
}