{
    "training": {
        "MAPE": 0.714170846185406,
        "MAE": 0.5516979325642669,
        "MSE": 2.5548019181520245,
        "DA": 0.8132700092883055
    },
    "validation": {
        "MAPE": 0.7344338161158106,
        "MAE": 1.1401794317985137,
        "MSE": 11.794314358317575,
        "DA": 0.8121212121212121
    }
}