{
    "training": {
        "MAPE": 43.91325184166719,
        "MAE": 49.255708345764404,
        "MSE": 4476.2052497349205,
        "DA": 0.4875252865812542
    },
    "validation": {
        "MAPE": 65.1799780131483,
        "MAE": 125.09760940971486,
        "MSE": 17190.383841414347,
        "DA": 0.5
    }
}