{
    "training": {
        "MAPE": 1.1784873408002028,
        "MAE": 0.8593791008181818,
        "MSE": 3.94588250829,
        "DA": 0.5783635057219467
    },
    "validation": {
        "MAPE": 1.5782267475376859,
        "MAE": 2.906267577017949,
        "MSE": 85.1166991815526,
        "DA": 0.4945736434108527
    }
}