{
    "training": {
        "MAPE": 1053.9407912119198,
        "MAE": 0.911697409859044,
        "MSE": 4.503972122930939,
        "DA": 0.5177920986270664
    },
    "validation": {
        "MAPE": 737.7874795544753,
        "MAE": 1.8839328644154496,
        "MSE": 22.19010647967261,
        "DA": 0.5065844774446624
    }
}