{
    "training": {
        "MAPE": 12205.088945743017,
        "MAE": 2.634029637054977,
        "MSE": 44.52669006897878,
        "DA": 0.5036599887923789
    },
    "validation": {
        "MAPE": 7167.548833038167,
        "MAE": 3.2565649784645743,
        "MSE": 74.4223646617143,
        "DA": 0.5103670495937237
    }
}