{
    "training": {
        "MAPE": 0.48818050531758267,
        "MAE": 0.3341256273294672,
        "MSE": 0.5562826940076743,
        "DA": 0.86565254727397
    },
    "validation": {
        "MAPE": 0.5456348173048873,
        "MAE": 0.9504440267442102,
        "MSE": 24.747580809820413,
        "DA": 0.8739957716701904
    }
}