{
    "training": {
        "MAPE": 4.239519351047897,
        "MAE": 1.1370501530074044,
        "MSE": 2.3690839636946563,
        "DA": 0.4915711395819285
    },
    "validation": {
        "MAPE": 15.804604653007228,
        "MAE": 2.1718209975922176,
        "MSE": 5.708562648007261,
        "DA": 0.5421686746987951
    }
}