{
    "training": {
        "MAPE": 148.4421098195733,
        "MAE": 50.185609822655366,
        "MSE": 9320.557667486655,
        "DA": 0.5044075638351939
    },
    "validation": {
        "MAPE": 130.05819000798192,
        "MAE": 101.9029167511123,
        "MSE": 55172.65959763805,
        "DA": 0.4928823114869626
    }
}