{
    "training": {
        "MAPE": 1694.7078483587195,
        "MAE": 1.2521912914041216,
        "MSE": 4.391635274561686,
        "DA": 0.5461847389558233
    },
    "validation": {
        "MAPE": 121.01060593688236,
        "MAE": 2.8066920092138608,
        "MSE": 15.928032311203193,
        "DA": 0.5662650602409639
    }
}