{
    "training": {
        "MAPE": 1.186259371985819,
        "MAE": 0.8416878494685456,
        "MSE": 3.9979008527063167,
        "DA": 0.6348819684197614
    },
    "validation": {
        "MAPE": 1.8355355819667412,
        "MAE": 3.5125175543705227,
        "MSE": 126.41938694520269,
        "DA": 0.4883720930232558
    }
}