{
    "training": {
        "MAPE": 0.741519014568961,
        "MAE": 0.4715827764609541,
        "MSE": 0.9967427598876621,
        "DA": 0.8734161686616077
    },
    "validation": {
        "MAPE": 0.6715839808811963,
        "MAE": 1.0536806970412222,
        "MSE": 28.497510517907852,
        "DA": 0.9061310782241014
    }
}