{
    "training": {
        "MAPE": 0.0,
        "MAE": 0.0,
        "MSE": 0.0,
        "DA": 1.0
    },
    "validation": {
        "MAPE": 41.69663277156096,
        "MAE": 71.80142680957974,
        "MSE": 25527.24022338942,
        "DA": 0.4713178294573644
    }
}