{
    "training": {
        "MAPE": 0.0,
        "MAE": 0.0,
        "MSE": 0.0,
        "DA": 1.0
    },
    "validation": {
        "MAPE": 43.34076807504258,
        "MAE": 74.59957423509073,
        "MSE": 26780.68825665677,
        "DA": 0.4710359408033826
    }
}