{
    "training": {
        "MAPE": 150.88020925741955,
        "MAE": 49.18740936054573,
        "MSE": 9180.814832999326,
        "DA": 0.5024097018979689
    },
    "validation": {
        "MAPE": 161.99447638246562,
        "MAE": 97.84726120901496,
        "MSE": 52080.52779906225,
        "DA": 0.5020436927413672
    }
}