{
    "training": {
        "MAPE": 12443.9252960718,
        "MAE": 2.6653371496018523,
        "MSE": 45.63887661905948,
        "DA": 0.5064268702717848
    },
    "validation": {
        "MAPE": 6800.84223083411,
        "MAE": 3.127746104437012,
        "MSE": 68.03299019237552,
        "DA": 0.5123283833006445
    }
}