{
    "training": {
        "MAPE": 0.668305933507562,
        "MAE": 0.48005255083487997,
        "MSE": 1.9243272023583409,
        "DA": 0.8216995846550182
    },
    "validation": {
        "MAPE": 4.219065116727044,
        "MAE": 8.04080447880218,
        "MSE": 700.7585383829319,
        "DA": 0.49852008456659613
    }
}