{
    "training": {
        "MAPE": 2.795788352827797,
        "MAE": 2.105237031509934,
        "MSE": 8.353337965684844,
        "DA": 0.4855023600809171
    },
    "validation": {
        "MAPE": 2.2332494444655184,
        "MAE": 5.454023156080418,
        "MSE": 51.71433827844532,
        "DA": 0.4939759036144578
    }
}