{
    "training": {
        "MAPE": 1.1805975131363329,
        "MAE": 0.8800033324068418,
        "MSE": 4.338834611453952,
        "DA": 0.531466325511295
    },
    "validation": {
        "MAPE": 1.307034422108987,
        "MAE": 1.8945698211306,
        "MSE": 23.055795535453274,
        "DA": 0.5261451726568006
    }
}