{
    "training": {
        "MAPE": 1.1498329471152993,
        "MAE": 0.8188246651871862,
        "MSE": 3.3885798729003063,
        "DA": 0.6391230437601865
    },
    "validation": {
        "MAPE": 2.052414827876937,
        "MAE": 3.7394995067098904,
        "MSE": 133.370100529395,
        "DA": 0.4976744186046511
    }
}