{
    "training": {
        "MAPE": 0.0,
        "MAE": 0.0,
        "MSE": 0.0,
        "DA": 1.0
    },
    "validation": {
        "MAPE": 18.4853409214942,
        "MAE": 29.009147079494063,
        "MSE": 3359.031070881906,
        "DA": 0.4704721634954193
    }
}