{
    "training": {
        "MAPE": 6.590948182229813,
        "MAE": 4.946467673605021,
        "MSE": 45.14535874508449,
        "DA": 0.49763991908294
    },
    "validation": {
        "MAPE": 3.8547210721414054,
        "MAE": 9.408242483538784,
        "MSE": 141.31046882911102,
        "DA": 0.5301204819277109
    }
}