{
    "training": {
        "MAPE": 12251.8570389572,
        "MAE": 2.5969915028616017,
        "MSE": 42.46082656205146,
        "DA": 0.5070222751471001
    },
    "validation": {
        "MAPE": 6665.379826114898,
        "MAE": 3.052274467081891,
        "MSE": 63.43176812849771,
        "DA": 0.5116279069767442
    }
}