{
    "training": {
        "MAPE": 0.23035091910531416,
        "MAE": 0.15591574824851714,
        "MSE": 0.12096565121298423,
        "DA": 0.9437619389775854
    },
    "validation": {
        "MAPE": 0.5799706246708458,
        "MAE": 1.028354569500855,
        "MSE": 247.844936733383,
        "DA": 0.9254404510218461
    }
}