{
    "training": {
        "MAPE": 1.010338072974057,
        "MAE": 1.6695536727468918,
        "MSE": 6.800320014692569,
        "DA": 0.5714235642557963
    },
    "validation": {
        "MAPE": 7.500071747278754,
        "MAE": 14.64639499329425,
        "MSE": 6460.540402438932,
        "DA": 0.5200845665961944
    }
}