{
    "training": {
        "MAPE": 9.551792729827062,
        "MAE": 5.50415703962916,
        "MSE": 48.05715842442398,
        "DA": 0.49022252191503707
    },
    "validation": {
        "MAPE": 5.678617763402048,
        "MAE": 9.215179143665791,
        "MSE": 138.41071049404056,
        "DA": 0.41566265060240964
    }
}