{
    "training": {
        "MAPE": 2.4493059520153384,
        "MAE": 1.062913205913073,
        "MSE": 5.340881270124326,
        "DA": 0.4903349047510558
    },
    "validation": {
        "MAPE": 1.9124013837066374,
        "MAE": 2.3226904914522075,
        "MSE": 47.209646933700526,
        "DA": 0.4916138125440451
    }
}