{
    "training": {
        "MAPE": 37.69743960484263,
        "MAE": 34.03586572636298,
        "MSE": 4486.440485436398,
        "DA": 0.4702511347505301
    },
    "validation": {
        "MAPE": 52.49549702110059,
        "MAE": 87.31540244048435,
        "MSE": 33789.61016929748,
        "DA": 0.46835799859055677
    }
}