{
    "training": {
        "MAPE": 508.7074886436772,
        "MAE": 1.1115715512472173,
        "MSE": 2.583016270210996,
        "DA": 0.5689424364123159
    },
    "validation": {
        "MAPE": 269.07619555868376,
        "MAE": 3.4502475979469747,
        "MSE": 23.466722052748395,
        "DA": 0.5240963855421686
    }
}