{"training": {"MAPE": 85.46339901247424, "MAE": 48.79130008522391, "MSE": 3030.8213878091083, "DA": 0.5010114632501685}, "validation": {"MAPE": 23.05333063111668, "MAE": 35.53150212088031, "MSE": 1597.1314708921034, "DA": 0.463855421686747}}