{
    "training": {
        "MAPE": 1.1853424648482058,
        "MAE": 0.8848238219920745,
        "MSE": 4.3478477945142995,
        "DA": 0.5284169572913199
    },
    "validation": {
        "MAPE": 1.3117362269078272,
        "MAE": 1.8802260869409109,
        "MSE": 23.07641775717526,
        "DA": 0.5154334038054967
    }
}