{
    "training": {
        "MAPE": 2.616888835400351,
        "MAE": 2.2458556203507993,
        "MSE": 10.26177964854459,
        "DA": 0.49696561024949426
    },
    "validation": {
        "MAPE": 2.115783442172835,
        "MAE": 2.624353877084698,
        "MSE": 11.772752194158366,
        "DA": 0.5180722891566265
    }
}