{
    "training": {
        "MAPE": 1.2209898230115055,
        "MAE": 0.9118994922721777,
        "MSE": 4.578084119534512,
        "DA": 0.5397206498308829
    },
    "validation": {
        "MAPE": 1.4108107671374404,
        "MAE": 2.3977189341470573,
        "MSE": 51.78118526847741,
        "DA": 0.5288231148696264
    }
}