{
    "training": {
        "MAPE": 40.84736958213079,
        "MAE": 36.93051439189525,
        "MSE": 5300.39658608377,
        "DA": 0.4701985594363926
    },
    "validation": {
        "MAPE": 57.43326298034208,
        "MAE": 95.74654907727982,
        "MSE": 40859.28805071732,
        "DA": 0.4684989429175476
    }
}