{
    "training": {
        "MAPE": 0.9415639516961499,
        "MAE": 0.6344089977469521,
        "MSE": 2.627979277258603,
        "DA": 0.7552443875852158
    },
    "validation": {
        "MAPE": 0.7657270493664164,
        "MAE": 1.1415229484680236,
        "MSE": 12.308464645650181,
        "DA": 0.8084566596194503
    }
}