{
    "training": {
        "MAPE": 2.407623483113094,
        "MAE": 1.0504016240680543,
        "MSE": 4.517209392063081,
        "DA": 0.5314137501971573
    },
    "validation": {
        "MAPE": 2.060399992683496,
        "MAE": 2.125334602606066,
        "MSE": 29.99752564169061,
        "DA": 0.5271317829457364
    }
}