{
    "training": {
        "MAPE": 2.4247271673364152,
        "MAE": 1.0328907451211455,
        "MSE": 4.557786559531386,
        "DA": 0.5342528171605825
    },
    "validation": {
        "MAPE": 2.1112298804577274,
        "MAE": 2.235911593036379,
        "MSE": 36.94858144697977,
        "DA": 0.523185341789993
    }
}