{
    "training": {
        "MAPE": 1.9608934553322237,
        "MAE": 1.1991880925247302,
        "MSE": 6.7650629662548285,
        "DA": 0.5184276476051946
    },
    "validation": {
        "MAPE": 2.0012598582996066,
        "MAE": 3.685353799403367,
        "MSE": 124.77770701664062,
        "DA": 0.475968992248062
    }
}