{
    "training": {
        "MAPE": 0.7499399535254742,
        "MAE": 0.5821171957104104,
        "MSE": 2.8151202205626777,
        "DA": 0.7969891870103925
    },
    "validation": {
        "MAPE": 0.7483028437571757,
        "MAE": 1.1227433207817334,
        "MSE": 11.195356869926785,
        "DA": 0.8071881606765328
    }
}