{
    "training": {
        "MAPE": 159.14453419652466,
        "MAE": 123.03060486353954,
        "MSE": 18959.172238642004,
        "DA": 0.5010114632501685
    },
    "validation": {
        "MAPE": 79.17817727079336,
        "MAE": 88.91593091405082,
        "MSE": 9814.703840046743,
        "DA": 0.5060240963855421
    }
}