{
    "training": {
        "MAPE": 1.2020087375426936,
        "MAE": 0.893011464338471,
        "MSE": 4.361083695618499,
        "DA": 0.5423143653283329
    },
    "validation": {
        "MAPE": 1.3424961099536221,
        "MAE": 2.000389634552175,
        "MSE": 26.966267759900024,
        "DA": 0.5141649048625792
    }
}