{
    "training": {
        "MAPE": 12286.73559094069,
        "MAE": 2.6016043522130783,
        "MSE": 40.64245946928169,
        "DA": 0.5068996917904175
    },
    "validation": {
        "MAPE": 6918.738778236731,
        "MAE": 2.9320862424599134,
        "MSE": 52.44535529781794,
        "DA": 0.5078453348276828
    }
}