{
    "training": {
        "MAPE": 1.1924402641886176,
        "MAE": 0.8911448770405765,
        "MSE": 4.401134583691896,
        "DA": 0.53549709959517
    },
    "validation": {
        "MAPE": 1.320357036451199,
        "MAE": 1.8852659535053975,
        "MSE": 23.061144288429894,
        "DA": 0.5137420718816067
    }
}