{
    "training": {
        "MAPE": 0.0,
        "MAE": 0.0,
        "MSE": 0.0,
        "DA": 1.0
    },
    "validation": {
        "MAPE": 10.933568986262983,
        "MAE": 20.467231935548806,
        "MSE": 2995.4713217595104,
        "DA": 0.47258632840028186
    }
}