{
    "training": {
        "MAPE": 1908.8995130347944,
        "MAE": 0.9674597574204892,
        "MSE": 4.82308689809879,
        "DA": 0.5016461193611655
    },
    "validation": {
        "MAPE": 1253.972272952905,
        "MAE": 1.8922812228287695,
        "MSE": 22.345517010970166,
        "DA": 0.5138694312132249
    }
}