{
    "training": {
        "MAPE": 3.270633887883105,
        "MAE": 1.1647670735020905,
        "MSE": 4.75235518439593,
        "DA": 0.5313436497783074
    },
    "validation": {
        "MAPE": 2.733723740497114,
        "MAE": 2.051039691075586,
        "MSE": 22.31273982907034,
        "DA": 0.5296687808315714
    }
}