{
    "training": {
        "MAPE": 1.8180184846491012,
        "MAE": 1.9212844400328768,
        "MSE": 6.572824040416003,
        "DA": 0.48954821308159135
    },
    "validation": {
        "MAPE": 2.367341932177217,
        "MAE": 4.394777349597679,
        "MSE": 35.86790736853671,
        "DA": 0.5240963855421686
    }
}