{
    "training": {
        "MAPE": 1.0257855463036925,
        "MAE": 1.7007493488355958,
        "MSE": 6.945539350828496,
        "DA": 0.5316240514537074
    },
    "validation": {
        "MAPE": 11.306291218778306,
        "MAE": 14.414059875356477,
        "MSE": 6388.767493158587,
        "DA": 0.5188160676532769
    }
}