{
    "training": {
        "MAPE": 1.2985431390717184,
        "MAE": 0.9165866643793278,
        "MSE": 4.487752639309998,
        "DA": 0.5373898109041201
    },
    "validation": {
        "MAPE": 1.7930555948298308,
        "MAE": 3.561045519210741,
        "MSE": 138.3336617709814,
        "DA": 0.47540521494009874
    }
}