{
    "training": {
        "MAPE": 11973.14719879341,
        "MAE": 2.6106545811631654,
        "MSE": 44.4739885281536,
        "DA": 0.5043779770243767
    },
    "validation": {
        "MAPE": 7420.618378239343,
        "MAE": 3.3986080980857376,
        "MSE": 83.8155058132703,
        "DA": 0.5128887643597646
    }
}