{
    "training": {
        "MAPE": 1.1734439822834235,
        "MAE": 0.8747284921200446,
        "MSE": 4.297539792513251,
        "DA": 0.5386691435481328
    },
    "validation": {
        "MAPE": 1.2977515110963027,
        "MAE": 1.8533767367798806,
        "MSE": 21.896435387113357,
        "DA": 0.5195207892882312
    }
}