{
    "training": {
        "MAPE": 41.22036220525095,
        "MAE": 37.156630013743005,
        "MSE": 5324.359215076476,
        "DA": 0.4692872539913425
    },
    "validation": {
        "MAPE": 57.76546394538351,
        "MAE": 95.93580741839772,
        "MSE": 40763.30291816861,
        "DA": 0.4677942212825934
    }
}