{
    "training": {
        "MAPE": 12460.639375507353,
        "MAE": 2.6920882620004143,
        "MSE": 46.590124575197414,
        "DA": 0.5032397029980388
    },
    "validation": {
        "MAPE": 7083.072097828409,
        "MAE": 3.000945310722279,
        "MSE": 58.08063306936098,
        "DA": 0.5086859064163631
    }
}