{
    "training": {
        "MAPE": 1.2185066276733116,
        "MAE": 0.9017761349900159,
        "MSE": 4.4036910911759595,
        "DA": 0.5430679448309704
    },
    "validation": {
        "MAPE": 1.3584846005645606,
        "MAE": 2.0496650332501387,
        "MSE": 28.850902606039504,
        "DA": 0.5095137420718815
    }
}