{
    "training": {
        "MAPE": 1009.8131604701705,
        "MAE": 123.189751095231,
        "MSE": 28460.734635370434,
        "DA": 0.5033041132838839
    },
    "validation": {
        "MAPE": 342.7395416281066,
        "MAE": 286.71754584938896,
        "MSE": 178610.1888758494,
        "DA": 0.4975903614457831
    }
}