{
    "training": {
        "MAPE": 1.1960278135312943,
        "MAE": 0.8958697818292727,
        "MSE": 4.475939721950224,
        "DA": 0.48360526454145575
    },
    "validation": {
        "MAPE": 1.4488179971584776,
        "MAE": 2.4443053385562763,
        "MSE": 48.833846539566906,
        "DA": 0.4766737138830161
    }
}