{
    "training": {
        "MAPE": 12812.127315814674,
        "MAE": 2.825517551566358,
        "MSE": 53.58822225017098,
        "DA": 0.5122057999439619
    },
    "validation": {
        "MAPE": 6678.476412046755,
        "MAE": 3.0358266904090008,
        "MSE": 61.44148179120164,
        "DA": 0.511067525917624
    }
}