{
    "training": {
        "MAPE": 40.28100382620717,
        "MAE": 36.39259964342493,
        "MSE": 5137.19993906702,
        "DA": 0.4700408334939801
    },
    "validation": {
        "MAPE": 56.35639055152273,
        "MAE": 93.7930487547478,
        "MSE": 39038.59606524227,
        "DA": 0.4684989429175476
    }
}