{
    "training": {
        "MAPE": 0.0,
        "MAE": 0.0,
        "MSE": 0.0,
        "DA": 1.0
    },
    "validation": {
        "MAPE": 24.404312083026454,
        "MAE": 40.70985584658564,
        "MSE": 7401.334870904771,
        "DA": 0.4704721634954193
    }
}