{
    "training": {
        "MAPE": 0.0,
        "MAE": 0.0,
        "MSE": 0.0,
        "DA": 1.0
    },
    "validation": {
        "MAPE": 10.549578457813782,
        "MAE": 17.682317182252966,
        "MSE": 2550.4334422053553,
        "DA": 0.4782241014799154
    }
}