{
    "training": {
        "MAPE": 0.0,
        "MAE": 0.0,
        "MSE": 0.0,
        "DA": 1.0
    },
    "validation": {
        "MAPE": 11.200995733174716,
        "MAE": 16.99899314896141,
        "MSE": 1485.3022350102765,
        "DA": 0.47371388301620865
    }
}