{
    "training": {
        "MAPE": 1.1984539792086102,
        "MAE": 0.9074342869716919,
        "MSE": 4.6871146561674735,
        "DA": 0.49851912865179365
    },
    "validation": {
        "MAPE": 1.4723338324323685,
        "MAE": 2.5491099317857437,
        "MSE": 59.29678349238603,
        "DA": 0.48372093023255813
    }
}