{
    "training": {
        "MAPE": 0.0,
        "MAE": 0.0,
        "MSE": 0.0,
        "DA": 1.0
    },
    "validation": {
        "MAPE": 11.25592173575517,
        "MAE": 16.827391066073574,
        "MSE": 1331.8674282494435,
        "DA": 0.47385482734319934
    }
}