{
    "training": {
        "MAPE": 1.25630939815175,
        "MAE": 0.9072168329768937,
        "MSE": 4.4857462649248525,
        "DA": 0.521108988626207
    },
    "validation": {
        "MAPE": 1.6353128423460217,
        "MAE": 3.0559578650870844,
        "MSE": 92.98701210935685,
        "DA": 0.475968992248062
    }
}