{
    "training": {
        "MAPE": 0.8273663308131838,
        "MAE": 0.5227030423610077,
        "MSE": 0.93043601301747,
        "DA": 0.7949387497590299
    },
    "validation": {
        "MAPE": 0.5317917588950197,
        "MAE": 0.8606263556871889,
        "MSE": 30.12273056788347,
        "DA": 0.8921775898520086
    }
}