{
    "training": {
        "MAPE": 1.2246771548084698,
        "MAE": 0.8783239644148764,
        "MSE": 4.127951162554126,
        "DA": 0.5791346103292966
    },
    "validation": {
        "MAPE": 1.6826436456431226,
        "MAE": 3.0589006721502483,
        "MSE": 94.30807761841675,
        "DA": 0.4969696969696969
    }
}