{
    "training": {
        "MAPE": 1.0526460560583208,
        "MAE": 0.7540121924825395,
        "MSE": 2.905113018961941,
        "DA": 0.6584532342580747
    },
    "validation": {
        "MAPE": 2.836531559631145,
        "MAE": 5.333775606516132,
        "MSE": 289.6943111058608,
        "DA": 0.49161381254404507
    }
}