{
    "training": {
        "MAPE": 3.7170594521454228,
        "MAE": 1.8368209452256363,
        "MSE": 6.4075683190865975,
        "DA": 0.50708024275118
    },
    "validation": {
        "MAPE": 3.4641903573268613,
        "MAE": 2.430814464820359,
        "MSE": 9.624699420336638,
        "DA": 0.536144578313253
    }
}