{
    "training": {
        "MAPE": 3.783402027993907,
        "MAE": 1.4417514912655505,
        "MSE": 5.848253337067566,
        "DA": 0.4707593627871926
    },
    "validation": {
        "MAPE": 3.014545574845312,
        "MAE": 2.519764232811857,
        "MSE": 34.89558530238422,
        "DA": 0.47131782945736433
    }
}