{
    "training": {
        "MAPE": 0.451200587719518,
        "MAE": 0.28634085559075073,
        "MSE": 0.2794321346348298,
        "DA": 0.9065911918823716
    },
    "validation": {
        "MAPE": 0.6497617738104708,
        "MAE": 1.0224456392733394,
        "MSE": 95.77343418471081,
        "DA": 0.9020436927413672
    }
}