{
    "training": {
        "MAPE": 1.1752260538119448,
        "MAE": 0.877418829021283,
        "MSE": 4.302385462885349,
        "DA": 0.5349713464537951
    },
    "validation": {
        "MAPE": 1.3058647120193374,
        "MAE": 1.870826131789149,
        "MSE": 22.207292001624367,
        "DA": 0.524031007751938
    }
}