{
    "training": {
        "MAPE": 3.0303936474412367,
        "MAE": 1.1759026271351147,
        "MSE": 4.923942431810312,
        "DA": 0.5317993025008324
    },
    "validation": {
        "MAPE": 2.600723107883677,
        "MAE": 2.0943398307277628,
        "MSE": 23.217672247344613,
        "DA": 0.5271317829457365
    }
}