{
    "training": {
        "MAPE": 1.3766957592623916,
        "MAE": 0.9312910578529954,
        "MSE": 4.432582579286157,
        "DA": 0.559927095564396
    },
    "validation": {
        "MAPE": 1.6003504661971295,
        "MAE": 2.776811645069055,
        "MSE": 67.18214043437627,
        "DA": 0.5027484143763213
    }
}