{
    "training": {
        "MAPE": 11721.90233201751,
        "MAE": 2.4197639222939373,
        "MSE": 34.15957960159601,
        "DA": 0.5032922387223311
    },
    "validation": {
        "MAPE": 8097.051652985308,
        "MAE": 3.517401158259895,
        "MSE": 88.12434106191908,
        "DA": 0.514009526478005
    }
}