{
    "training": {
        "MAPE": 0.3698104828076366,
        "MAE": 0.2057798152193364,
        "MSE": 0.21654722830706208,
        "DA": 0.9117435726678468
    },
    "validation": {
        "MAPE": 0.497329387811211,
        "MAE": 0.8634718316421027,
        "MSE": 237.3540093830925,
        "DA": 0.93446088794926
    }
}