{
    "training": {
        "MAPE": 40.07454410391926,
        "MAE": 37.24951000517753,
        "MSE": 5840.887213548647,
        "DA": 0.4752282644888803
    },
    "validation": {
        "MAPE": 61.67959358870985,
        "MAE": 104.63655452506869,
        "MSE": 50153.826669932336,
        "DA": 0.47004933051444686
    }
}