{
    "training": {
        "MAPE": 2.3034845907198767,
        "MAE": 1.0557186298452694,
        "MSE": 4.655257988728437,
        "DA": 0.4761746201433554
    },
    "validation": {
        "MAPE": 2.1026422223434897,
        "MAE": 2.3105688237576096,
        "MSE": 41.859453122603995,
        "DA": 0.4763918252290345
    }
}