{
    "training": {
        "MAPE": 2.972821249790795,
        "MAE": 1.1347538746325168,
        "MSE": 4.853746472739157,
        "DA": 0.5358651267941327
    },
    "validation": {
        "MAPE": 2.586558279113621,
        "MAE": 2.2153384197950694,
        "MSE": 29.722575683894625,
        "DA": 0.5258632840028188
    }
}