{
    "training": {
        "MAPE": 1.0511614854992892,
        "MAE": 0.7676952554793643,
        "MSE": 2.7410089394786734,
        "DA": 0.6237360018226109
    },
    "validation": {
        "MAPE": 1.1796394955751615,
        "MAE": 1.7245212109117636,
        "MSE": 20.84877051032198,
        "DA": 0.6035236081747711
    }
}