{
    "training": {
        "MAPE": 3.111788772538765,
        "MAE": 1.3351082896970006,
        "MSE": 7.79547944791871,
        "DA": 0.5029705052487687
    },
    "validation": {
        "MAPE": 2.720315075850071,
        "MAE": 3.3822442544198026,
        "MSE": 125.62915870096339,
        "DA": 0.49316420014094436
    }
}