{
    "training": {
        "MAPE": 1.178302536210996,
        "MAE": 0.8820491427690017,
        "MSE": 4.366826421726547,
        "DA": 0.49557491106009355
    },
    "validation": {
        "MAPE": 1.331704294269192,
        "MAE": 2.0034592908996616,
        "MSE": 27.20943850474514,
        "DA": 0.495137420718816
    }
}