{
    "training": {
        "MAPE": 0.6156505665217411,
        "MAE": 0.3087218985402406,
        "MSE": 0.5206958204148676,
        "DA": 0.8663710765671826
    },
    "validation": {
        "MAPE": 0.4668456521319241,
        "MAE": 0.8785320130935016,
        "MSE": 24.48162373738717,
        "DA": 0.8947145877378436
    }
}