{
    "training": {
        "MAPE": 1.0481913085173344,
        "MAE": 1.7394128185479525,
        "MSE": 7.198181284252202,
        "DA": 0.5375650619512452
    },
    "validation": {
        "MAPE": 5.32097323906791,
        "MAE": 15.476573733815323,
        "MSE": 8313.56190623343,
        "DA": 0.5213530655391121
    }
}