{
    "training": {
        "MAPE": 1.6604511153140589,
        "MAE": 1.1803287668200926,
        "MSE": 6.977746478440974,
        "DA": 0.482536233153993
    },
    "validation": {
        "MAPE": 1.5219396067966486,
        "MAE": 2.30585669622865,
        "MSE": 35.000235929965335,
        "DA": 0.49062720225510914
    }
}