{
    "training": {
        "MAPE": 1.0882206812110604,
        "MAE": 1.7857474275628595,
        "MSE": 7.289974440132862,
        "DA": 0.5219151434429821
    },
    "validation": {
        "MAPE": 17.04291913869371,
        "MAE": 27.809888838296107,
        "MSE": 25049.051987431438,
        "DA": 0.5203664552501762
    }
}