{
    "training": {
        "MAPE": 12716.677628791671,
        "MAE": 2.617056854854667,
        "MSE": 39.28773913053245,
        "DA": 0.4966377136452788
    },
    "validation": {
        "MAPE": 7898.4050073093185,
        "MAE": 3.379093603259294,
        "MSE": 79.23606972307398,
        "DA": 0.5071448585037825
    }
}