{
    "training": {
        "MAPE": 1.8803986601442224,
        "MAE": 1.2237031089672523,
        "MSE": 7.283132231458596,
        "DA": 0.5083156621860815
    },
    "validation": {
        "MAPE": 2.1047301202671167,
        "MAE": 3.899852617219172,
        "MSE": 137.55569625721773,
        "DA": 0.4728682170542635
    }
}