{
    "training": {
        "MAPE": 3.003445097341214,
        "MAE": 1.163047581188533,
        "MSE": 4.965110700511525,
        "DA": 0.53220237990922
    },
    "validation": {
        "MAPE": 2.5212896136843193,
        "MAE": 2.169575128930728,
        "MSE": 27.24334934289235,
        "DA": 0.5251585623678646
    }
}