{
    "training": {
        "MAPE": 6.945967447572247,
        "MAE": 3.543184895759644,
        "MSE": 21.352780489678633,
        "DA": 0.5198921105866486
    },
    "validation": {
        "MAPE": 6.570317428478145,
        "MAE": 6.7687030120666885,
        "MSE": 68.55531358804971,
        "DA": 0.5843373493975904
    }
}