{
    "training": {
        "MAPE": 1625.3549106303599,
        "MAE": 1.365951980167085,
        "MSE": 9.056331284254396,
        "DA": 0.5133868808567604
    },
    "validation": {
        "MAPE": 150.5028292537059,
        "MAE": 2.794831419149075,
        "MSE": 15.986116542363103,
        "DA": 0.5662650602409639
    }
}