{
    "training": {
        "MAPE": 9971.823948736743,
        "MAE": 2.083110581069389,
        "MSE": 24.25361076200867,
        "DA": 0.5004728215186327
    },
    "validation": {
        "MAPE": 7631.522271766494,
        "MAE": 3.011321377045931,
        "MSE": 56.88515349406292,
        "DA": 0.5095264780050434
    }
}