{
    "training": {
        "MAPE": 5.48136935195386,
        "MAE": 1.8243863169977148,
        "MSE": 7.848948598621245,
        "DA": 0.4727046494102802
    },
    "validation": {
        "MAPE": 3.8900052047507003,
        "MAE": 2.8158065141084045,
        "MSE": 32.60017582979454,
        "DA": 0.47723749119097963
    }
}