{
    "training": {
        "MAPE": 2.9301478115668007,
        "MAE": 1.5993399600932567,
        "MSE": 8.061250792679914,
        "DA": 0.4788559611643679
    },
    "validation": {
        "MAPE": 2.530388526795226,
        "MAE": 3.3088597695184174,
        "MSE": 77.06038857909905,
        "DA": 0.4780831571529247
    }
}