{
    "training": {
        "MAPE": 1.17106634893698,
        "MAE": 0.8757012949901056,
        "MSE": 4.323396764735938,
        "DA": 0.5097001454583692
    },
    "validation": {
        "MAPE": 1.3034223089278953,
        "MAE": 1.8580255443183413,
        "MSE": 21.860895090983142,
        "DA": 0.5105003523608175
    }
}