{
    "training": {
        "MAPE": 6.766915903005113,
        "MAE": 4.422271427067142,
        "MSE": 32.7330417782806,
        "DA": 0.5037086985839514
    },
    "validation": {
        "MAPE": 11.33613070615835,
        "MAE": 5.6563486250003665,
        "MSE": 50.37381164666693,
        "DA": 0.4939759036144578
    }
}