{
    "training": {
        "MAPE": 493.80204851082556,
        "MAE": 0.7906910025558963,
        "MSE": 1.6862221335769538,
        "DA": 0.7717536813922357
    },
    "validation": {
        "MAPE": 494.3122105243101,
        "MAE": 3.932861284751847,
        "MSE": 26.35759975810438,
        "DA": 0.4879518072289157
    }
}