{
    "training": {
        "MAPE": 1287.5455093207859,
        "MAE": 0.5389860248217158,
        "MSE": 0.9061629032838004,
        "DA": 0.8721552878179384
    },
    "validation": {
        "MAPE": 605.0919713815582,
        "MAE": 5.522786668233842,
        "MSE": 58.67575163152324,
        "DA": 0.5180722891566265
    }
}