{
    "training": {
        "MAPE": 0.4001962430059295,
        "MAE": 0.24997673158394781,
        "MSE": 0.24003430990715904,
        "DA": 0.9117610977725592
    },
    "validation": {
        "MAPE": 0.6370644811896881,
        "MAE": 1.0913479861447597,
        "MSE": 121.83228035321751,
        "DA": 0.9071176885130375
    }
}