{
    "training": {
        "MAPE": 0.0,
        "MAE": 0.0,
        "MSE": 0.0,
        "DA": 1.0
    },
    "validation": {
        "MAPE": 26.76972114659113,
        "MAE": 46.07839686431719,
        "MSE": 10514.737008853035,
        "DA": 0.4708949964763919
    }
}