{
    "training": {
        "MAPE": 2.6771284977083782,
        "MAE": 1.1376587435387704,
        "MSE": 4.770442530021586,
        "DA": 0.4708995636248927
    },
    "validation": {
        "MAPE": 2.278911434230183,
        "MAE": 2.024821083744088,
        "MSE": 22.173724144300753,
        "DA": 0.4696264975334743
    }
}