{
    "training": {
        "MAPE": 1.1955366139623838,
        "MAE": 0.8915568904516477,
        "MSE": 4.388423728624378,
        "DA": 0.5325704071081825
    },
    "validation": {
        "MAPE": 1.327268324452073,
        "MAE": 1.9328694706973206,
        "MSE": 24.88228490856885,
        "DA": 0.5106412966878083
    }
}