{
    "training": {
        "MAPE": 3.5957150659008166,
        "MAE": 1.4261791557541161,
        "MSE": 5.78103700642162,
        "DA": 0.4712150155097177
    },
    "validation": {
        "MAPE": 3.052089829129614,
        "MAE": 2.4705408324918747,
        "MSE": 30.948100719426293,
        "DA": 0.47202255109231855
    }
}