{
    "training": {
        "MAPE": 1.1821835356907784,
        "MAE": 0.8843728053520528,
        "MSE": 4.378222451182175,
        "DA": 0.4869525595415432
    },
    "validation": {
        "MAPE": 1.3703959501984397,
        "MAE": 2.2091663453571617,
        "MSE": 37.725321181513436,
        "DA": 0.48019732205778715
    }
}