{
    "training": {
        "MAPE": 11970.169642455281,
        "MAE": 2.6341057130950896,
        "MSE": 43.82723362938672,
        "DA": 0.5033272625385261
    },
    "validation": {
        "MAPE": 7194.405300257093,
        "MAE": 3.2073827641630994,
        "MSE": 71.167858589212,
        "DA": 0.5120481927710844
    }
}