{
    "training": {
        "MAPE": 39.00271497683004,
        "MAE": 35.92859616749633,
        "MSE": 5493.278237847847,
        "DA": 0.4764199716093304
    },
    "validation": {
        "MAPE": 61.39032228688305,
        "MAE": 104.12683629926356,
        "MSE": 49634.15487689839,
        "DA": 0.4703312191684285
    }
}