{
    "training": {
        "MAPE": 2.6162867434459667,
        "MAE": 1.0906512076213735,
        "MSE": 4.84920678021363,
        "DA": 0.5339023150663327
    },
    "validation": {
        "MAPE": 2.3125861960468863,
        "MAE": 2.1550091945360137,
        "MSE": 28.668451400302466,
        "DA": 0.5254404510218463
    }
}