{
    "training": {
        "MAPE": 12329.437223916339,
        "MAE": 2.6653087034903904,
        "MSE": 45.67681352117846,
        "DA": 0.5042378817595966
    },
    "validation": {
        "MAPE": 7095.534628138423,
        "MAE": 3.108471962675903,
        "MSE": 64.87458919613444,
        "DA": 0.5114878117119641
    }
}