{
    "training": {
        "MAPE": 885.0824157696106,
        "MAE": 1.2586389437712415,
        "MSE": 6.196003870563001,
        "DA": 0.5240963855421686
    },
    "validation": {
        "MAPE": 110.4220547962904,
        "MAE": 2.80012480065361,
        "MSE": 15.920957034823521,
        "DA": 0.5421686746987951
    }
}