{
    "training": {
        "MAPE": 0.7216035947727877,
        "MAE": 0.5162861428026325,
        "MSE": 2.080938141481012,
        "DA": 0.80131788787438
    },
    "validation": {
        "MAPE": 0.7824115651504424,
        "MAE": 1.0946847489301696,
        "MSE": 10.099339528370168,
        "DA": 0.8035236081747709
    }
}