{
    "training": {
        "MAPE": 12260.960831256889,
        "MAE": 2.648290468868209,
        "MSE": 44.17480170114838,
        "DA": 0.5028194172036986
    },
    "validation": {
        "MAPE": 7238.568950573805,
        "MAE": 3.0325776033605263,
        "MSE": 59.44309105785883,
        "DA": 0.5086859064163631
    }
}