{
    "training": {
        "MAPE": 1.1715717942331065,
        "MAE": 0.8493748304479996,
        "MSE": 3.7993764293501457,
        "DA": 0.6104870226599604
    },
    "validation": {
        "MAPE": 1.5377091487408778,
        "MAE": 2.437588922538556,
        "MSE": 46.2588031266355,
        "DA": 0.5097956307258633
    }
}