{
    "training": {
        "MAPE": 1.1810536693191205,
        "MAE": 0.88163431735809,
        "MSE": 4.345548066616647,
        "DA": 0.5319044531291075
    },
    "validation": {
        "MAPE": 1.3038839932152757,
        "MAE": 1.8526389040964337,
        "MSE": 21.58952339524234,
        "DA": 0.5289640591966174
    }
}