{
    "training": {
        "MAPE": 4.8971511946712765,
        "MAE": 2.1401231566786443,
        "MSE": 7.247544183449266,
        "DA": 0.44908968307484826
    },
    "validation": {
        "MAPE": 9.698135129444552,
        "MAE": 6.208938982386788,
        "MSE": 57.40403020820647,
        "DA": 0.4036144578313253
    }
}