{
    "training": {
        "MAPE": 15.153496191308598,
        "MAE": 3.99878170104219,
        "MSE": 37.086361416861926,
        "DA": 0.49553858457871375
    },
    "validation": {
        "MAPE": 11.928823777735229,
        "MAE": 6.917770475690342,
        "MSE": 138.47648303791493,
        "DA": 0.5054637153264221
    }
}