{
    "training": {
        "MAPE": 1.9546107233193746,
        "MAE": 1.1784936273702555,
        "MSE": 6.4929893605704105,
        "DA": 0.519531729202082
    },
    "validation": {
        "MAPE": 1.8902072198855355,
        "MAE": 3.4623491491527263,
        "MSE": 112.57570645773015,
        "DA": 0.4773784355179705
    }
}