{
    "training": {
        "MAPE": 2.1501240686375085,
        "MAE": 1.018531167336491,
        "MSE": 5.179895006485018,
        "DA": 0.5309230472652074
    },
    "validation": {
        "MAPE": 1.962901519601771,
        "MAE": 2.7085079376394923,
        "MSE": 97.8048728516432,
        "DA": 0.516983791402396
    }
}