{
    "training": {
        "MAPE": 0.6109656030219087,
        "MAE": 0.4428032540983599,
        "MSE": 0.8338235929895471,
        "DA": 0.8153379716443806
    },
    "validation": {
        "MAPE": 0.7362747984559325,
        "MAE": 1.3731086920476103,
        "MSE": 26.308338699113037,
        "DA": 0.8177589852008456
    }
}