{
    "training": {
        "MAPE": 3.6600508100779057,
        "MAE": 1.1928313627395686,
        "MSE": 5.590231734704165,
        "DA": 0.5274355514274197
    },
    "validation": {
        "MAPE": 2.909930232088465,
        "MAE": 2.624569212743033,
        "MSE": 65.10819321524659,
        "DA": 0.5199436222692037
    }
}