{
    "training": {
        "MAPE": 10820.459271218762,
        "MAE": 2.3508750446920326,
        "MSE": 32.61252847629704,
        "DA": 0.5005428691510228
    },
    "validation": {
        "MAPE": 7070.053328552656,
        "MAE": 3.094698674367013,
        "MSE": 66.43139472317549,
        "DA": 0.5086859064163631
    }
}