{
    "training": {
        "MAPE": 2.389354519045987,
        "MAE": 1.0652171122759757,
        "MSE": 4.7786336802957425,
        "DA": 0.5335167627626575
    },
    "validation": {
        "MAPE": 2.101899504055769,
        "MAE": 2.237755853714947,
        "MSE": 35.5535307734416,
        "DA": 0.5245947850599013
    }
}