{
    "training": {
        "MAPE": 11909.576282121761,
        "MAE": 2.621812786581692,
        "MSE": 43.3497183814393,
        "DA": 0.5033973101709163
    },
    "validation": {
        "MAPE": 7271.520765714002,
        "MAE": 3.2180704767066772,
        "MSE": 71.76880875594848,
        "DA": 0.5099467637993835
    }
}