{
    "training": {
        "MAPE": 0.0,
        "MAE": 0.0,
        "MSE": 0.0,
        "DA": 1.0
    },
    "validation": {
        "MAPE": 9.21063400022925,
        "MAE": 13.156646846531805,
        "MSE": 1056.2324279633833,
        "DA": 0.4928823114869625
    }
}