{
    "training": {
        "MAPE": 2.4545630780970393,
        "MAE": 1.0854215777961604,
        "MSE": 5.6715397951034445,
        "DA": 0.49929023325914373
    },
    "validation": {
        "MAPE": 2.207979949683475,
        "MAE": 2.7769292507935854,
        "MSE": 88.29360614427526,
        "DA": 0.49400986610288933
    }
}