{
    "training": {
        "MAPE": 2.843805209867573,
        "MAE": 1.1752974980264999,
        "MSE": 5.57766408546707,
        "DA": 0.4753158900124428
    },
    "validation": {
        "MAPE": 2.531102815208676,
        "MAE": 2.6149394614407915,
        "MSE": 63.92369928142398,
        "DA": 0.47385482734319934
    }
}