{
    "training": {
        "MAPE": 761.6310821190326,
        "MAE": 1.2546926276770165,
        "MSE": 6.304186041927233,
        "DA": 0.5334672021419009
    },
    "validation": {
        "MAPE": 113.96985981149228,
        "MAE": 2.7913876843222405,
        "MSE": 15.44788959379346,
        "DA": 0.5180722891566265
    }
}