{
    "training": {
        "MAPE": 2.8489502845114414,
        "MAE": 1.9302465008018475,
        "MSE": 6.2690041350551935,
        "DA": 0.4881995954146999
    },
    "validation": {
        "MAPE": 4.309201920078617,
        "MAE": 2.178699080415828,
        "MSE": 8.991449873717478,
        "DA": 0.5602409638554217
    }
}