{
    "training": {
        "MAPE": 0.6900331975888746,
        "MAE": 0.47017378679767124,
        "MSE": 0.9136087295171875,
        "DA": 0.8008096598377176
    },
    "validation": {
        "MAPE": 0.647867420299767,
        "MAE": 1.0398425545095236,
        "MSE": 20.512963276908547,
        "DA": 0.8277660324171952
    }
}