{
    "training": {
        "MAPE": 0.9755383756845558,
        "MAE": 0.6875895803608156,
        "MSE": 2.9609353887703938,
        "DA": 0.7102223935788017
    },
    "validation": {
        "MAPE": 1.8946881106865316,
        "MAE": 3.2098067371863297,
        "MSE": 101.74826915426358,
        "DA": 0.5095137420718815
    }
}