{
    "training": {
        "MAPE": 2.2325059036728288,
        "MAE": 0.9814492228674804,
        "MSE": 4.659434438302923,
        "DA": 0.5248243108252573
    },
    "validation": {
        "MAPE": 2.3468478434575473,
        "MAE": 6.817901473605156,
        "MSE": 1706.8726230843426,
        "DA": 0.5100775193798448
    }
}