{
    "training": {
        "MAPE": 137.0047048780086,
        "MAE": 49.42738346130348,
        "MSE": 9075.901554011909,
        "DA": 0.5045652897776064
    },
    "validation": {
        "MAPE": 132.60567192873123,
        "MAE": 100.50506763534139,
        "MSE": 54478.96176483308,
        "DA": 0.49823819591261453
    }
}