{
    "training": {
        "MAPE": 0.0,
        "MAE": 0.0,
        "MSE": 0.0,
        "DA": 1.0
    },
    "validation": {
        "MAPE": 6.586941825607506,
        "MAE": 9.830989500222293,
        "MSE": 641.9835885438081,
        "DA": 0.4957011980267794
    }
}