{
    "training": {
        "MAPE": 0.0,
        "MAE": 0.0,
        "MSE": 0.0,
        "DA": 1.0
    },
    "validation": {
        "MAPE": 16.971267066645485,
        "MAE": 25.892304640220573,
        "MSE": 2833.3465945640905,
        "DA": 0.47202255109231855
    }
}