{
    "training": {
        "MAPE": 1.1540794983253895,
        "MAE": 0.8436262306184387,
        "MSE": 4.063497220697174,
        "DA": 0.5867755559839469
    },
    "validation": {
        "MAPE": 1.509214115827042,
        "MAE": 2.6947728860969486,
        "MSE": 67.70273909752204,
        "DA": 0.49992952783650463
    }
}