{
    "training": {
        "MAPE": 1.214879534426393,
        "MAE": 0.8967354895528977,
        "MSE": 4.439297570738144,
        "DA": 0.5380207146737702
    },
    "validation": {
        "MAPE": 1.3174846736823629,
        "MAE": 1.9451762656158156,
        "MSE": 25.14689022928624,
        "DA": 0.530937279774489
    }
}