{
    "training": {
        "MAPE": 0.9920109422317733,
        "MAE": 1.635819505047832,
        "MSE": 6.580719050576825,
        "DA": 0.5961514870051349
    },
    "validation": {
        "MAPE": 8.751884976576326,
        "MAE": 14.303349128619367,
        "MSE": 5742.37695445733,
        "DA": 0.5117688513037351
    }
}