{
    "training": {
        "MAPE": 1.1976261118672669,
        "MAE": 0.8947078152186698,
        "MSE": 4.473834859297416,
        "DA": 0.5268572229719073
    },
    "validation": {
        "MAPE": 1.316030390558458,
        "MAE": 1.8663066939554096,
        "MSE": 23.102605813925702,
        "DA": 0.5136011275546158
    }
}