{
    "training": {
        "MAPE": 930.9547571778623,
        "MAE": 0.9026958478153593,
        "MSE": 4.456237825266557,
        "DA": 0.5100518352479686
    },
    "validation": {
        "MAPE": 817.3095732278238,
        "MAE": 1.8405182795340902,
        "MSE": 20.651205473013306,
        "DA": 0.5028019052956011
    }
}