{
    "training": {
        "MAPE": 1.6801735606681893,
        "MAE": 0.9464677090425139,
        "MSE": 4.773841945977591,
        "DA": 0.5130474404584566
    },
    "validation": {
        "MAPE": 1.5043576077876055,
        "MAE": 1.9467887522633849,
        "MSE": 24.579756291039445,
        "DA": 0.5119097956307259
    }
}