{
    "training": {
        "MAPE": 972.3608903545593,
        "MAE": 0.9044285434982521,
        "MSE": 4.44084799020403,
        "DA": 0.5243765760717288
    },
    "validation": {
        "MAPE": 916.3092145160052,
        "MAE": 1.8988202887331929,
        "MSE": 22.56682848377826,
        "DA": 0.5130288596245447
    }
}