{
    "training": {
        "MAPE": 1102.6598743544846,
        "MAE": 1.3291250967524695,
        "MSE": 7.366035483687543,
        "DA": 0.48728246318607765
    },
    "validation": {
        "MAPE": 143.41703317444896,
        "MAE": 2.8555646358600915,
        "MSE": 15.583957517582196,
        "DA": 0.43373493975903615
    }
}