{
    "training": {
        "MAPE": 46.216403808429064,
        "MAE": 41.90128306763388,
        "MSE": 7086.928293521813,
        "DA": 0.47289742556211767
    },
    "validation": {
        "MAPE": 70.93113830574795,
        "MAE": 119.34586366989957,
        "MSE": 64378.0191678594,
        "DA": 0.4687808315715293
    }
}