{
    "training": {
        "MAPE": 0.0,
        "MAE": 0.0,
        "MSE": 0.0,
        "DA": 1.0
    },
    "validation": {
        "MAPE": 15.788400073624622,
        "MAE": 25.023481008265925,
        "MSE": 2707.3699153510347,
        "DA": 0.4708949964763919
    }
}