{
    "training": {
        "MAPE": 0.0,
        "MAE": 0.0,
        "MSE": 0.0,
        "DA": 1.0
    },
    "validation": {
        "MAPE": 43.8944031462144,
        "MAE": 75.26759851190948,
        "MSE": 27072.990931635195,
        "DA": 0.47117688513037354
    }
}