{
    "training": {
        "MAPE": 2291.7065518414092,
        "MAE": 0.989272966925352,
        "MSE": 5.064224927224427,
        "DA": 0.5105071448585039
    },
    "validation": {
        "MAPE": 1375.8030728327788,
        "MAE": 1.8883711804606789,
        "MSE": 22.12713598661996,
        "DA": 0.5016811431773607
    }
}