{
    "training": {
        "MAPE": 2.7392075272206555,
        "MAE": 1.0577103396932026,
        "MSE": 4.965428132373214,
        "DA": 0.5142216224741943
    },
    "validation": {
        "MAPE": 2.4361821287888628,
        "MAE": 3.8441669910486476,
        "MSE": 333.90314848485093,
        "DA": 0.5037350246652572
    }
}