{
    "training": {
        "MAPE": 2321.252819288408,
        "MAE": 0.9949462928627484,
        "MSE": 5.059175425110815,
        "DA": 0.5096665732698235
    },
    "validation": {
        "MAPE": 1197.252839232824,
        "MAE": 1.8980588155987146,
        "MSE": 22.18674421685594,
        "DA": 0.5121882880358644
    }
}