{
    "training": {
        "MAPE": 1.0349094576849247,
        "MAE": 0.7621818221859586,
        "MSE": 2.7540544726525056,
        "DA": 0.6273636984980986
    },
    "validation": {
        "MAPE": 1.1727172003619548,
        "MAE": 1.6858005123159816,
        "MSE": 19.11728542930304,
        "DA": 0.6083157152924595
    }
}