{
    "training": {
        "MAPE": 1.1460714563453007,
        "MAE": 0.8519889527268689,
        "MSE": 4.145568594654197,
        "DA": 0.5758749408527716
    },
    "validation": {
        "MAPE": 1.5189067518500032,
        "MAE": 2.7427318497430937,
        "MSE": 70.42485459284413,
        "DA": 0.5038759689922481
    }
}