{
    "training": {
        "MAPE": 0.0,
        "MAE": 0.0,
        "MSE": 0.0,
        "DA": 1.0
    },
    "validation": {
        "MAPE": 8.70706359290562,
        "MAE": 15.284114517572068,
        "MSE": 2110.1039246034397,
        "DA": 0.4770965468639887
    }
}