{
    "training": {
        "MAPE": 1.226855749972401,
        "MAE": 0.9048099210298873,
        "MSE": 4.4925393890388206,
        "DA": 0.5109093776835316
    },
    "validation": {
        "MAPE": 1.3287346251794074,
        "MAE": 1.941653935156407,
        "MSE": 24.932363718313233,
        "DA": 0.49570119802677937
    }
}