{
    "training": {
        "MAPE": 1.3251187296527496,
        "MAE": 0.9129458787048621,
        "MSE": 4.399515917836394,
        "DA": 0.5422617900141954
    },
    "validation": {
        "MAPE": 1.5809623125623224,
        "MAE": 2.913328058169851,
        "MSE": 84.25749587932373,
        "DA": 0.48287526427061317
    }
}