{
    "training": {
        "MAPE": 1.6938050662806177,
        "MAE": 0.9541411414651451,
        "MSE": 4.420371875643313,
        "DA": 0.47051401132121756
    },
    "validation": {
        "MAPE": 1.7153169746402321,
        "MAE": 2.030777738072953,
        "MSE": 27.23719109137721,
        "DA": 0.4648343904157858
    }
}