{
    "training": {
        "MAPE": 1.1856141070760393,
        "MAE": 0.8778038401821141,
        "MSE": 4.309789466304265,
        "DA": 0.5517428716636583
    },
    "validation": {
        "MAPE": 1.3035657818839173,
        "MAE": 1.868943255912962,
        "MSE": 22.18470829923992,
        "DA": 0.5216349541930937
    }
}