{
    "training": {
        "MAPE": 0.7196800785818439,
        "MAE": 0.5218858138930901,
        "MSE": 2.1389904426132653,
        "DA": 0.8020364171675926
    },
    "validation": {
        "MAPE": 0.7797347080485755,
        "MAE": 1.1485846682054468,
        "MSE": 11.942246027291677,
        "DA": 0.8032417195207895
    }
}