{
    "training": {
        "MAPE": 1.0615800965981326,
        "MAE": 1.759041887655941,
        "MSE": 7.330764250148804,
        "DA": 0.5178493191496819
    },
    "validation": {
        "MAPE": 10.489989537976609,
        "MAE": 16.23547818704024,
        "MSE": 8279.576961994391,
        "DA": 0.5123326286116984
    }
}