{
    "training": {
        "MAPE": 2.7418155035890477,
        "MAE": 1.1178693033005382,
        "MSE": 4.81374636892809,
        "DA": 0.5336569636003575
    },
    "validation": {
        "MAPE": 2.4165843844671246,
        "MAE": 2.2079101832943753,
        "MSE": 29.987453800658237,
        "DA": 0.5245947850599013
    }
}