{
    "training": {
        "MAPE": 0.0,
        "MAE": 0.0,
        "MSE": 0.0,
        "DA": 1.0
    },
    "validation": {
        "MAPE": 16.98885443681515,
        "MAE": 25.617945321034455,
        "MSE": 2319.2642260363064,
        "DA": 0.4710359408033826
    }
}