{
    "training": {
        "MAPE": 3.2557601874862923,
        "MAE": 5.2842217888022365,
        "MSE": 49.23545955925332,
        "DA": 0.5131490222521915
    },
    "validation": {
        "MAPE": 3.287416883549197,
        "MAE": 6.550407473626963,
        "MSE": 74.86688505906379,
        "DA": 0.4759036144578313
    }
}