{
    "training": {
        "MAPE": 0.0,
        "MAE": 0.0,
        "MSE": 0.0,
        "DA": 1.0
    },
    "validation": {
        "MAPE": 40.29718473016586,
        "MAE": 69.2344424954381,
        "MSE": 22951.605486667984,
        "DA": 0.47061310782241017
    }
}