{
    "training": {
        "MAPE": 649.1127423644139,
        "MAE": 1.2475700010073847,
        "MSE": 6.143818576415262,
        "DA": 0.5194109772423026
    },
    "validation": {
        "MAPE": 130.3915689283519,
        "MAE": 2.840843661960706,
        "MSE": 15.94509716488464,
        "DA": 0.4397590361445783
    }
}