{
    "training": {
        "MAPE": 0.0,
        "MAE": 0.0,
        "MSE": 0.0,
        "DA": 1.0
    },
    "validation": {
        "MAPE": 25.11177857883616,
        "MAE": 43.02974029342787,
        "MSE": 9039.956217038916,
        "DA": 0.47019027484143766
    }
}