{
    "training": {
        "MAPE": 1.2006575389608771,
        "MAE": 0.8841932627084409,
        "MSE": 4.369900241062741,
        "DA": 0.5178493191496819
    },
    "validation": {
        "MAPE": 1.292101172227454,
        "MAE": 1.825986072543491,
        "MSE": 21.107628391755682,
        "DA": 0.5214940098661028
    }
}