{
    "training": {
        "MAPE": 1.189871080867337,
        "MAE": 0.8915649278562553,
        "MSE": 4.437305178898912,
        "DA": 0.48563817668810566
    },
    "validation": {
        "MAPE": 1.337934663920255,
        "MAE": 1.9998832086288971,
        "MSE": 26.66294377470916,
        "DA": 0.4790697674418605
    }
}