{
    "training": {
        "MAPE": 13780.476636830153,
        "MAE": 2.729858232469684,
        "MSE": 41.3698677518749,
        "DA": 0.5129938358083497
    },
    "validation": {
        "MAPE": 6646.462283456127,
        "MAE": 2.935063378042749,
        "MSE": 53.29981496680763,
        "DA": 0.5127486690949846
    }
}