{
    "training": {
        "MAPE": 1.1096133674971365,
        "MAE": 0.7911631988775133,
        "MSE": 2.8993047498392595,
        "DA": 0.6064737736807977
    },
    "validation": {
        "MAPE": 1.192946727736391,
        "MAE": 1.6744641199403203,
        "MSE": 17.91216624005066,
        "DA": 0.5978858350951375
    }
}