{
    "training": {
        "MAPE": 145.26762334299252,
        "MAE": 50.00868805441919,
        "MSE": 9224.627593983389,
        "DA": 0.5034962583901438
    },
    "validation": {
        "MAPE": 133.84949417010756,
        "MAE": 101.1729777845477,
        "MSE": 54678.64855459951,
        "DA": 0.4993657505285412
    }
}