{
    "training": {
        "MAPE": 1.3069107012989538,
        "MAE": 0.9310858445064497,
        "MSE": 4.554640142312338,
        "DA": 0.5505336394384956
    },
    "validation": {
        "MAPE": 1.7403612045110588,
        "MAE": 3.1535669159909285,
        "MSE": 93.15401717164231,
        "DA": 0.49006342494714583
    }
}