{
    "training": {
        "MAPE": 6.609343668846536,
        "MAE": 1.723393519825348,
        "MSE": 9.34944649882807,
        "DA": 0.5224584216890696
    },
    "validation": {
        "MAPE": 4.8469583766531885,
        "MAE": 3.2754958195123867,
        "MSE": 75.4341602772762,
        "DA": 0.514446793516561
    }
}