{
    "training": {
        "MAPE": 0.0,
        "MAE": 0.0,
        "MSE": 0.0,
        "DA": 1.0
    },
    "validation": {
        "MAPE": 7.266200341002578,
        "MAE": 11.008331588060116,
        "MSE": 826.0885839498884,
        "DA": 0.48273431994362226
    }
}