{
    "training": {
        "MAPE": 6.784061961004649,
        "MAE": 2.885958987014956,
        "MSE": 13.834735272551804,
        "DA": 0.5003371544167229
    },
    "validation": {
        "MAPE": 11.367517776620833,
        "MAE": 7.226863194083026,
        "MSE": 77.3210113014329,
        "DA": 0.5060240963855421
    }
}