{
    "training": {
        "MAPE": 0.0,
        "MAE": 0.0,
        "MSE": 0.0,
        "DA": 1.0
    },
    "validation": {
        "MAPE": 5.984638134759644,
        "MAE": 7.170531575692594,
        "MSE": 174.86008186778105,
        "DA": 0.48879492600422836
    }
}