{
    "training": {
        "MAPE": 1438.8835442134816,
        "MAE": 0.39210797974655626,
        "MSE": 0.6163614731398818,
        "DA": 0.9029451137884873
    },
    "validation": {
        "MAPE": 370.6906104213417,
        "MAE": 4.040767766018227,
        "MSE": 29.275305059137168,
        "DA": 0.5180722891566265
    }
}