{
    "training": {
        "MAPE": 2.401453157487945,
        "MAE": 1.0061667878243996,
        "MSE": 4.858932134420025,
        "DA": 0.519111126688982
    },
    "validation": {
        "MAPE": 2.1149632984808266,
        "MAE": 2.6016841580801633,
        "MSE": 74.78241274557044,
        "DA": 0.5033121916842848
    }
}