{
    "training": {
        "MAPE": 1.722761982187894,
        "MAE": 0.9489555175648781,
        "MSE": 4.526787977748913,
        "DA": 0.5312034489406073
    },
    "validation": {
        "MAPE": 1.6737031981428396,
        "MAE": 2.212609055344883,
        "MSE": 42.28112643173811,
        "DA": 0.5243128964059196
    }
}