{
    "training": {
        "MAPE": 3.107154956530883,
        "MAE": 1.0954675151272861,
        "MSE": 4.81141871417472,
        "DA": 0.5305550200662449
    },
    "validation": {
        "MAPE": 2.5707959427005824,
        "MAE": 2.66685701547667,
        "MSE": 84.58541353968333,
        "DA": 0.5195207892882311
    }
}