{
    "training": {
        "MAPE": 32.36474665749965,
        "MAE": 29.520433527207004,
        "MSE": 3711.6467419357236,
        "DA": 0.4761921452480678
    },
    "validation": {
        "MAPE": 49.83136014821859,
        "MAE": 84.89567153097968,
        "MSE": 33012.04477093336,
        "DA": 0.47117688513037354
    }
}