{
    "training": {
        "MAPE": 1.1898546125264984,
        "MAE": 0.8848616957908317,
        "MSE": 4.396575723557352,
        "DA": 0.5116103818720318
    },
    "validation": {
        "MAPE": 1.4292950168233847,
        "MAE": 2.4586352076774975,
        "MSE": 53.69586703572169,
        "DA": 0.49006342494714583
    }
}