{
    "training": {
        "MAPE": 0.5937391397935424,
        "MAE": 0.3966106928425298,
        "MSE": 0.6227148512365286,
        "DA": 0.9148455162019593
    },
    "validation": {
        "MAPE": 0.7768764689902772,
        "MAE": 1.3033891932962334,
        "MSE": 77.10637460884107,
        "DA": 0.8930232558139536
    }
}