{
    "training": {
        "MAPE": 1.1924860106255215,
        "MAE": 0.8895207241899028,
        "MSE": 4.383194322985724,
        "DA": 0.5310982983123324
    },
    "validation": {
        "MAPE": 1.3187265851854753,
        "MAE": 1.9816525862243017,
        "MSE": 26.708136942013326,
        "DA": 0.5316420014094433
    }
}