{
    "training": {
        "MAPE": 1.0333985858554426,
        "MAE": 0.7593179700135951,
        "MSE": 2.7178720195480577,
        "DA": 0.6334974851474737
    },
    "validation": {
        "MAPE": 1.1780101323755898,
        "MAE": 1.677198557049396,
        "MSE": 18.324073308054807,
        "DA": 0.608597603946441
    }
}