{
    "training": {
        "MAPE": 1.178294108342527,
        "MAE": 0.8831969260817049,
        "MSE": 4.421683476911681,
        "DA": 0.520513135065982
    },
    "validation": {
        "MAPE": 1.3629705899503506,
        "MAE": 2.0862956588012445,
        "MSE": 30.50957881012293,
        "DA": 0.49837914023960533
    }
}