{
    "training": {
        "MAPE": 2321.2527511379867,
        "MAE": 0.9949462919084792,
        "MSE": 5.05917540529008,
        "DA": 0.5096665732698235
    },
    "validation": {
        "MAPE": 1197.2531015532627,
        "MAE": 1.898058819652514,
        "MSE": 22.186744246523773,
        "DA": 0.5121882880358644
    }
}