{
    "training": {
        "MAPE": 1.1832962264002664,
        "MAE": 0.8820206855306374,
        "MSE": 4.33394736189837,
        "DA": 0.520758486531957
    },
    "validation": {
        "MAPE": 1.3025515963684227,
        "MAE": 1.8629983797605125,
        "MSE": 22.11838646974649,
        "DA": 0.5200845665961944
    }
}