{
    "training": {
        "MAPE": 1.0437768876622795,
        "MAE": 0.76714162337284,
        "MSE": 2.765165847475669,
        "DA": 0.625067909780761
    },
    "validation": {
        "MAPE": 1.1789445988381315,
        "MAE": 1.6539552377231592,
        "MSE": 17.513861715105627,
        "DA": 0.6062015503875969
    }
}