{
    "training": {
        "MAPE": 0.0,
        "MAE": 0.0,
        "MSE": 0.0,
        "DA": 1.0
    },
    "validation": {
        "MAPE": 27.55843453149236,
        "MAE": 45.2240213165427,
        "MSE": 9835.612118855694,
        "DA": 0.47117688513037354
    }
}