{
    "training": {
        "MAPE": 0.0,
        "MAE": 0.0,
        "MSE": 0.0,
        "DA": 1.0
    },
    "validation": {
        "MAPE": 7.7781210847855835,
        "MAE": 11.641754565155143,
        "MSE": 785.6675045712972,
        "DA": 0.4818886539816772
    }
}