{
    "training": {
        "MAPE": 0.4326680595395979,
        "MAE": 0.2918805618077709,
        "MSE": 0.8100716022384747,
        "DA": 0.8733635933474705
    },
    "validation": {
        "MAPE": 6.098343134771842,
        "MAE": 13.080320835302578,
        "MSE": 2414.816211493924,
        "DA": 0.4937279774489077
    }
}