{
    "training": {
        "MAPE": 12822.721790336527,
        "MAE": 2.7946780239297113,
        "MSE": 53.567362446944955,
        "DA": 0.5075126085738302
    },
    "validation": {
        "MAPE": 6836.423848141938,
        "MAE": 2.8956039344242703,
        "MSE": 52.069544950484506,
        "DA": 0.508405715886803
    }
}