{
    "training": {
        "MAPE": 2.5189043758178356,
        "MAE": 0.8998663547032606,
        "MSE": 1.4219592854848202,
        "DA": 0.4686446392447741
    },
    "validation": {
        "MAPE": 2.366244356954641,
        "MAE": 1.0358752459680247,
        "MSE": 1.7062796414035004,
        "DA": 0.5120481927710844
    }
}