{
    "training": {
        "MAPE": 967.1383766827605,
        "MAE": 0.9063246499577102,
        "MSE": 4.447485594370207,
        "DA": 0.5209267301765199
    },
    "validation": {
        "MAPE": 677.0908087518388,
        "MAE": 1.8446438480909126,
        "MSE": 20.982366063962278,
        "DA": 0.5155505743905856
    }
}