{
    "training": {
        "MAPE": 2.2820376937909974,
        "MAE": 1.3924309393586098,
        "MSE": 8.091027536589364,
        "DA": 0.48083629799688055
    },
    "validation": {
        "MAPE": 2.099444531327558,
        "MAE": 3.1115417323088432,
        "MSE": 71.68518463565279,
        "DA": 0.48710359408033826
    }
}