{
    "training": {
        "MAPE": 1.3295510911838841,
        "MAE": 0.9269128882546792,
        "MSE": 4.594588198339509,
        "DA": 0.5140288463223568
    },
    "validation": {
        "MAPE": 1.3841732409874363,
        "MAE": 2.071922514880196,
        "MSE": 28.546008183885533,
        "DA": 0.475123326286117
    }
}