{
    "training": {
        "MAPE": 1.1696218285731659,
        "MAE": 0.875310561798991,
        "MSE": 4.30564416902434,
        "DA": 0.5375300117418201
    },
    "validation": {
        "MAPE": 1.2959868063095485,
        "MAE": 1.8150444023346632,
        "MSE": 20.436931292330016,
        "DA": 0.5319238900634249
    }
}