{
    "training": {
        "MAPE": 2.3551877753132477,
        "MAE": 1.1177983586666138,
        "MSE": 4.962727643299192,
        "DA": 0.4746324109286553
    },
    "validation": {
        "MAPE": 2.094389939654837,
        "MAE": 2.9584722032036628,
        "MSE": 117.71129085953761,
        "DA": 0.47878787878787876
    }
}