{
    "training": {
        "MAPE": 1.5986232085700804,
        "MAE": 0.9265800502469425,
        "MSE": 4.791059691885375,
        "DA": 0.5156061057464818
    },
    "validation": {
        "MAPE": 1.4703147519038797,
        "MAE": 1.9418346622792502,
        "MSE": 25.238883567160137,
        "DA": 0.5016208597603946
    }
}