{
    "training": {
        "MAPE": 3.354932667790124,
        "MAE": 1.372835234509409,
        "MSE": 5.391506482988742,
        "DA": 0.46963775608559266
    },
    "validation": {
        "MAPE": 2.753074232536925,
        "MAE": 2.2703131084450154,
        "MSE": 24.462914428289906,
        "DA": 0.46680761099365753
    }
}