{
    "training": {
        "MAPE": 12206.954070405394,
        "MAE": 2.6455030349937356,
        "MSE": 43.23377560671555,
        "DA": 0.5031521434575512
    },
    "validation": {
        "MAPE": 7176.314151993358,
        "MAE": 2.9645622827808675,
        "MSE": 54.68401997061064,
        "DA": 0.5078453348276828
    }
}