{
    "training": {
        "MAPE": 2.2138277432317253,
        "MAE": 1.0245774535886143,
        "MSE": 4.6903573170069,
        "DA": 0.5318168276055449
    },
    "validation": {
        "MAPE": 1.9970666869411366,
        "MAE": 2.2254320902889866,
        "MSE": 37.61452205416853,
        "DA": 0.5241719520789289
    }
}