{
    "training": {
        "MAPE": 0.45969864951978395,
        "MAE": 0.3188439535440835,
        "MSE": 0.47994369663903097,
        "DA": 0.8778149699444455
    },
    "validation": {
        "MAPE": 0.6920153488751265,
        "MAE": 1.03436733894236,
        "MSE": 64.05516190359008,
        "DA": 0.8755461592670895
    }
}