{
    "training": {
        "MAPE": 0.0,
        "MAE": 0.0,
        "MSE": 0.0,
        "DA": 1.0
    },
    "validation": {
        "MAPE": 43.97167631442896,
        "MAE": 75.63287756190446,
        "MSE": 27679.990501583194,
        "DA": 0.4714587737843553
    }
}