{
    "training": {
        "MAPE": 3.201013561562925,
        "MAE": 1.1619346682225065,
        "MSE": 6.752421161905971,
        "DA": 0.5265242459823697
    },
    "validation": {
        "MAPE": 2.706141135601494,
        "MAE": 4.1010443253876545,
        "MSE": 367.68988487660107,
        "DA": 0.5179704016913319
    }
}