{
    "training": {
        "MAPE": 420.7981051157753,
        "MAE": 1.2639493062813283,
        "MSE": 7.053180432291925,
        "DA": 0.5093708165997323
    },
    "validation": {
        "MAPE": 112.93424506971125,
        "MAE": 2.8312043580369646,
        "MSE": 15.980742760899348,
        "DA": 0.5
    }
}