{
    "training": {
        "MAPE": 5.2230690930520085,
        "MAE": 1.5063910834815664,
        "MSE": 5.6700354874760155,
        "DA": 0.53094057236992
    },
    "validation": {
        "MAPE": 3.549673169729512,
        "MAE": 2.2204650904718783,
        "MSE": 22.85957866630229,
        "DA": 0.5316420014094433
    }
}