{
    "training": {
        "MAPE": 0.808857586630375,
        "MAE": 0.5430725970767433,
        "MSE": 2.1207848644804432,
        "DA": 0.7903997476384922
    },
    "validation": {
        "MAPE": 0.7891562293989778,
        "MAE": 1.1060286070138814,
        "MSE": 9.730816083859951,
        "DA": 0.8078928823114868
    }
}