{
    "training": {
        "MAPE": 11948.805917951875,
        "MAE": 2.642591374473148,
        "MSE": 44.661117789541244,
        "DA": 0.5040977864948165
    },
    "validation": {
        "MAPE": 7157.024181298104,
        "MAE": 3.2050424764663834,
        "MSE": 71.26683320785875,
        "DA": 0.5119080975063043
    }
}