{
    "training": {
        "MAPE": 155.29120409910436,
        "MAE": 49.50694867987297,
        "MSE": 9295.829950842048,
        "DA": 0.5023045512696939
    },
    "validation": {
        "MAPE": 158.15633838009245,
        "MAE": 98.02500313809888,
        "MSE": 52338.69150809663,
        "DA": 0.4999295278365046
    }
}