{
    "training": {
        "MAPE": 0.3267297115044059,
        "MAE": 0.23764933330483642,
        "MSE": 0.2689082826636594,
        "DA": 0.9315995163071098
    },
    "validation": {
        "MAPE": 0.5995872313474809,
        "MAE": 0.9766949006595284,
        "MSE": 113.12605733163466,
        "DA": 0.9137420718816066
    }
}