{
    "training": {
        "MAPE": 1085.2092933789916,
        "MAE": 0.8986482595689763,
        "MSE": 4.499764755479552,
        "DA": 0.5241839450826562
    },
    "validation": {
        "MAPE": 948.0605534332044,
        "MAE": 1.815066663023915,
        "MSE": 20.56523088065146,
        "DA": 0.5252171476604092
    }
}