{
    "training": {
        "MAPE": 0.7204553633485223,
        "MAE": 0.5323965578402048,
        "MSE": 1.2761721563445072,
        "DA": 0.7784301011198542
    },
    "validation": {
        "MAPE": 0.934721028571316,
        "MAE": 1.5644200382596087,
        "MSE": 36.55931949985256,
        "DA": 0.7758985200845665
    }
}