{
    "training": {
        "MAPE": 1.220546603807234,
        "MAE": 0.9104001458426354,
        "MSE": 4.507404742323829,
        "DA": 0.5420690138623578
    },
    "validation": {
        "MAPE": 1.471491503950248,
        "MAE": 2.596603449957484,
        "MSE": 67.33005027745143,
        "DA": 0.5258632840028189
    }
}