{
    "training": {
        "MAPE": 8.590499789734496,
        "MAE": 2.3863844548197948,
        "MSE": 22.389626536271106,
        "DA": 0.5106640262175567
    },
    "validation": {
        "MAPE": 6.605748965843645,
        "MAE": 6.463001545248462,
        "MSE": 582.6239377790279,
        "DA": 0.5027484143763215
    }
}