{
    "training": {
        "MAPE": 2.04725385614622,
        "MAE": 1.020741334233123,
        "MSE": 4.6144197957018,
        "DA": 0.4763849213999054
    },
    "validation": {
        "MAPE": 1.8521058961035106,
        "MAE": 2.032515621735088,
        "MSE": 26.808978366822885,
        "DA": 0.48217054263565884
    }
}