{
    "training": {
        "MAPE": 3.937659016007861,
        "MAE": 1.511023386586327,
        "MSE": 5.997469804880798,
        "DA": 0.47203869543120525
    },
    "validation": {
        "MAPE": 3.0815974373373756,
        "MAE": 2.594941137985342,
        "MSE": 36.34488994232807,
        "DA": 0.4731501057082454
    }
}