{
    "training": {
        "MAPE": 1839.7859294756272,
        "MAE": 0.9662013380543764,
        "MSE": 4.853913684189989,
        "DA": 0.5023641075931633
    },
    "validation": {
        "MAPE": 1105.4289089759066,
        "MAE": 1.8956021313280655,
        "MSE": 22.43738189909822,
        "DA": 0.5022415242364808
    }
}