{
    "training": {
        "MAPE": 742.3460840784084,
        "MAE": 1.2604164573927559,
        "MSE": 6.523205674399919,
        "DA": 0.5187416331994645
    },
    "validation": {
        "MAPE": 102.30114474981646,
        "MAE": 2.786396351440903,
        "MSE": 15.473607422248081,
        "DA": 0.5240963855421686
    }
}