{
    "training": {
        "MAPE": 0.0,
        "MAE": 0.0,
        "MSE": 0.0,
        "DA": 1.0
    },
    "validation": {
        "MAPE": 5.2400858578897465,
        "MAE": 10.400025856407916,
        "MSE": 1239.46663022125,
        "DA": 0.4789288231148696
    }
}