{
    "training": {
        "MAPE": 12404.46445152117,
        "MAE": 2.6673018655976937,
        "MSE": 45.64642522858824,
        "DA": 0.5061116559260298
    },
    "validation": {
        "MAPE": 6837.007306790697,
        "MAE": 3.117146365233733,
        "MSE": 67.26636102463446,
        "DA": 0.5099467637993835
    }
}