{
    "training": {
        "MAPE": 1.1458206335766705,
        "MAE": 0.8326771995464471,
        "MSE": 3.738802601605707,
        "DA": 0.6028285519005976
    },
    "validation": {
        "MAPE": 2.097268340065497,
        "MAE": 4.330448971426633,
        "MSE": 252.41114600923547,
        "DA": 0.499647639182523
    }
}