{
    "training": {
        "MAPE": 0.6817586466295312,
        "MAE": 0.5135894156455927,
        "MSE": 2.181155129647396,
        "DA": 0.8172482080580434
    },
    "validation": {
        "MAPE": 0.7227931274738855,
        "MAE": 1.12225101689392,
        "MSE": 12.041050766593179,
        "DA": 0.8197322057787174
    }
}