{
    "training": {
        "MAPE": 1.2084602991401352,
        "MAE": 0.893255434483582,
        "MSE": 4.402321677298194,
        "DA": 0.522265645537232
    },
    "validation": {
        "MAPE": 1.331019675328025,
        "MAE": 1.8651842301350814,
        "MSE": 22.217525543241248,
        "DA": 0.5127554615926708
    }
}