{
    "training": {
        "MAPE": 6.7903498800283595,
        "MAE": 2.057956506402666,
        "MSE": 9.34139864907742,
        "DA": 0.5104517869184086
    },
    "validation": {
        "MAPE": 12.576482864843724,
        "MAE": 5.335948779168957,
        "MSE": 35.28832985934495,
        "DA": 0.572289156626506
    }
}