{
    "training": {
        "MAPE": 2.0387765848169614,
        "MAE": 1.0442983401569874,
        "MSE": 4.918360360331801,
        "DA": 0.4764024465046179
    },
    "validation": {
        "MAPE": 1.9067642813330268,
        "MAE": 2.4396671704178465,
        "MSE": 54.21175102772009,
        "DA": 0.4842847075405215
    }
}