{
    "training": {
        "MAPE": 1.0493721598171937,
        "MAE": 0.7698740431606252,
        "MSE": 2.772470958490947,
        "DA": 0.6239638281838735
    },
    "validation": {
        "MAPE": 1.1923330415745417,
        "MAE": 1.717797719373461,
        "MSE": 19.44994572257599,
        "DA": 0.606060606060606
    }
}