{
    "training": {
        "MAPE": 0.0,
        "MAE": 0.0,
        "MSE": 0.0,
        "DA": 1.0
    },
    "validation": {
        "MAPE": 11.551383590590543,
        "MAE": 16.700940597080642,
        "MSE": 1719.088126511766,
        "DA": 0.4727272727272727
    }
}