{
    "training": {
        "MAPE": 1.3026931702874278,
        "MAE": 1.4172716200383846,
        "MSE": 3.5644131493540465,
        "DA": 0.5050573162508429
    },
    "validation": {
        "MAPE": 1.6688880959397547,
        "MAE": 3.0689556299997673,
        "MSE": 15.746111146018652,
        "DA": 0.5120481927710844
    }
}