{
    "training": {
        "MAPE": 6.9221511831359,
        "MAE": 2.6483016496800373,
        "MSE": 12.797688054253456,
        "DA": 0.4697779569232927
    },
    "validation": {
        "MAPE": 5.283605788080027,
        "MAE": 4.1957546718429874,
        "MSE": 73.3367907520707,
        "DA": 0.47244538407329106
    }
}