{
    "training": {
        "MAPE": 1.1814994389917732,
        "MAE": 0.8821264323321635,
        "MSE": 4.3645496326771225,
        "DA": 0.49243791731655606
    },
    "validation": {
        "MAPE": 1.3099590597363409,
        "MAE": 1.8796019529488028,
        "MSE": 22.528123643192792,
        "DA": 0.4989429175475687
    }
}