{
    "training": {
        "MAPE": 1.1750624854389984,
        "MAE": 0.8787881166253079,
        "MSE": 4.3325201215413625,
        "DA": 0.4907730323688685
    },
    "validation": {
        "MAPE": 1.3014301345512889,
        "MAE": 1.869228860163563,
        "MSE": 22.35672580891029,
        "DA": 0.4824524312896407
    }
}