{
    "training": {
        "MAPE": 3.85493006978498,
        "MAE": 3.556927372605974,
        "MSE": 20.819440299021007,
        "DA": 0.5050573162508429
    },
    "validation": {
        "MAPE": 3.8423865825869457,
        "MAE": 4.37126903602463,
        "MSE": 27.78856385818339,
        "DA": 0.4879518072289157
    }
}