{
    "training": {
        "MAPE": 1.8358778650666971,
        "MAE": 0.9427365074574876,
        "MSE": 4.708645919899191,
        "DA": 0.5221955451183821
    },
    "validation": {
        "MAPE": 1.776622036234205,
        "MAE": 3.9218030462160796,
        "MSE": 396.4517999707256,
        "DA": 0.511768851303735
    }
}