{
    "training": {
        "MAPE": 8.376574282784489,
        "MAE": 2.0395237693266144,
        "MSE": 13.170686136696409,
        "DA": 0.5172534655894568
    },
    "validation": {
        "MAPE": 6.350112704925244,
        "MAE": 5.797841568289767,
        "MSE": 590.4999668423555,
        "DA": 0.509090909090909
    }
}