{
    "training": {
        "MAPE": 13510.348794178668,
        "MAE": 2.7620776144232284,
        "MSE": 42.09561987637147,
        "DA": 0.5127486690949846
    },
    "validation": {
        "MAPE": 6547.459082434104,
        "MAE": 2.949983025203024,
        "MSE": 53.8910326391429,
        "DA": 0.5127486690949847
    }
}