{
    "training": {
        "MAPE": 1.4335818294097005,
        "MAE": 0.8956325314085617,
        "MSE": 4.030889676920538,
        "DA": 0.5199348066104695
    },
    "validation": {
        "MAPE": 1.694751092916131,
        "MAE": 6.515998086215869,
        "MSE": 1440.325587321169,
        "DA": 0.5069767441860465
    }
}