{
    "training": {
        "MAPE": 0.3681555927720502,
        "MAE": 0.2558549071218361,
        "MSE": 0.2787671568573062,
        "DA": 0.9254131543435973
    },
    "validation": {
        "MAPE": 0.5640159916779346,
        "MAE": 1.0446649210551244,
        "MSE": 22.35339313844659,
        "DA": 0.8886539816772374
    }
}