{
    "training": {
        "MAPE": 938.5397795503549,
        "MAE": 0.9045894266202952,
        "MSE": 4.4328254270755165,
        "DA": 0.5187027178481367
    },
    "validation": {
        "MAPE": 707.5633058193723,
        "MAE": 1.8632016934717746,
        "MSE": 21.52653679932439,
        "DA": 0.5068646679742226
    }
}