{
    "training": {
        "MAPE": 0.5104286451496169,
        "MAE": 0.3504303710647376,
        "MSE": 1.17307470131582,
        "DA": 0.8655473966456949
    },
    "validation": {
        "MAPE": 3.9487900215656624,
        "MAE": 7.605176385107012,
        "MSE": 606.8487735912856,
        "DA": 0.49612403100775193
    }
}