{
    "training": {
        "MAPE": 733.2983909705879,
        "MAE": 0.875953347326688,
        "MSE": 2.046359698760021,
        "DA": 0.7242302543507363
    },
    "validation": {
        "MAPE": 244.14618680089615,
        "MAE": 2.9175737773727177,
        "MSE": 16.851055313660634,
        "DA": 0.5301204819277109
    }
}