{
    "training": {
        "MAPE": 4.536973189175133,
        "MAE": 3.1777626029886004,
        "MSE": 16.376983870513005,
        "DA": 0.4942683749157114
    },
    "validation": {
        "MAPE": 4.845824968760304,
        "MAE": 3.437250101237954,
        "MSE": 18.172113210359456,
        "DA": 0.5240963855421686
    }
}