{
    "training": {
        "MAPE": 1.2049006989068518,
        "MAE": 0.84924337422482,
        "MSE": 4.079558925461584,
        "DA": 0.6218257654089483
    },
    "validation": {
        "MAPE": 1.678730267152777,
        "MAE": 3.0258539607244987,
        "MSE": 84.87999344647464,
        "DA": 0.49429175475687104
    }
}