{
    "training": {
        "MAPE": 4779.396479955037,
        "MAE": 209.40918172746976,
        "MSE": 50366.81113661307,
        "DA": 0.5138233310856373
    },
    "validation": {
        "MAPE": 1502.1016765434033,
        "MAE": 327.80906231726,
        "MSE": 111570.00182215379,
        "DA": 0.5240963855421686
    }
}