{
    "training": {
        "MAPE": 0.0,
        "MAE": 0.0,
        "MSE": 0.0,
        "DA": 1.0
    },
    "validation": {
        "MAPE": 28.06033571661307,
        "MAE": 48.48497865039581,
        "MSE": 11331.266640285887,
        "DA": 0.47117688513037354
    }
}