{
    "training": {
        "MAPE": 1.3094401312875545,
        "MAE": 0.947635417677886,
        "MSE": 4.801264297985196,
        "DA": 0.5291179614798199
    },
    "validation": {
        "MAPE": 1.3835296461966353,
        "MAE": 2.162439937468637,
        "MSE": 34.956092990586455,
        "DA": 0.5269908386187456
    }
}