{
    "training": {
        "MAPE": 571.3999756396663,
        "MAE": 1.1995523673240633,
        "MSE": 4.411138415025077,
        "DA": 0.5602409638554217
    },
    "validation": {
        "MAPE": 147.33769087860387,
        "MAE": 2.8583939930843165,
        "MSE": 15.632780791784267,
        "DA": 0.4457831325301205
    }
}