{
    "training": {
        "MAPE": 0.4405262300706805,
        "MAE": 0.27166460305752965,
        "MSE": 0.25106089796417375,
        "DA": 0.9142146124323091
    },
    "validation": {
        "MAPE": 0.6133888583949982,
        "MAE": 0.9539486353682628,
        "MSE": 96.64581700007246,
        "DA": 0.9171247357293868
    }
}