{
    "training": {
        "MAPE": 489.8732174192669,
        "MAE": 1.2617828721716229,
        "MSE": 7.033365201886266,
        "DA": 0.5120481927710844
    },
    "validation": {
        "MAPE": 119.52142265383165,
        "MAE": 2.8247473926148188,
        "MSE": 15.987515739652116,
        "DA": 0.5240963855421686
    }
}