{
    "training": {
        "MAPE": 4.549424101866393,
        "MAE": 1.4081525605157097,
        "MSE": 5.336826408720611,
        "DA": 0.5308704719510698
    },
    "validation": {
        "MAPE": 3.7884260264533065,
        "MAE": 2.3265572876928897,
        "MSE": 23.715408795904377,
        "DA": 0.528400281888654
    }
}