{
    "training": {
        "MAPE": 1.2012242339239878,
        "MAE": 0.8963922479611782,
        "MSE": 4.421182941554485,
        "DA": 0.522861499097457
    },
    "validation": {
        "MAPE": 1.3278393422372905,
        "MAE": 1.9402845235564339,
        "MSE": 25.190756921136472,
        "DA": 0.5131782945736435
    }
}