{
    "training": {
        "MAPE": 1.422522648283655,
        "MAE": 0.958121821497144,
        "MSE": 4.7224189680285695,
        "DA": 0.5285045828148823
    },
    "validation": {
        "MAPE": 1.658445628721294,
        "MAE": 3.0531930328557815,
        "MSE": 89.8995522305008,
        "DA": 0.4770965468639887
    }
}