{
    "training": {
        "MAPE": 12407.651391314306,
        "MAE": 2.661184335292992,
        "MSE": 45.48528693209814,
        "DA": 0.5067070608013449
    },
    "validation": {
        "MAPE": 6849.601991305207,
        "MAE": 3.0104606791712007,
        "MSE": 60.018946077830115,
        "DA": 0.5119080975063043
    }
}