{
    "training": {
        "MAPE": 2.7865100463381385,
        "MAE": 1.2557124574757168,
        "MSE": 5.096523983316367,
        "DA": 0.4696202309808802
    },
    "validation": {
        "MAPE": 2.357293561558353,
        "MAE": 2.1974574971726772,
        "MSE": 25.197862620934302,
        "DA": 0.4648343904157858
    }
}