{
    "training": {
        "MAPE": 3.2621927602163683,
        "MAE": 1.2408947647104818,
        "MSE": 5.781568457660922,
        "DA": 0.47421180841555527
    },
    "validation": {
        "MAPE": 2.7504232866752525,
        "MAE": 2.4936306616547865,
        "MSE": 49.24052189818158,
        "DA": 0.4766737138830162
    }
}