{
    "training": {
        "MAPE": 3.5913034739299956,
        "MAE": 1.5230391856771444,
        "MSE": 5.956532494312959,
        "DA": 0.46998825817984263
    },
    "validation": {
        "MAPE": 2.8101638866559675,
        "MAE": 2.4383079749644723,
        "MSE": 26.579416758963607,
        "DA": 0.46821705426356586
    }
}