{
    "training": {
        "MAPE": 1.6329835421488363,
        "MAE": 0.8657909242987099,
        "MSE": 3.3806471455753213,
        "DA": 0.5121186099086943
    },
    "validation": {
        "MAPE": 1.9527847402716145,
        "MAE": 6.328090737526004,
        "MSE": 1265.4587196534826,
        "DA": 0.5011980267794222
    }
}