{
    "training": {
        "MAPE": 5.469875264722021,
        "MAE": 3.308866846252966,
        "MSE": 21.324507666859336,
        "DA": 0.4720161834120027
    },
    "validation": {
        "MAPE": 4.608752226643844,
        "MAE": 4.336270179976959,
        "MSE": 34.981010067720284,
        "DA": 0.5301204819277109
    }
}