{
    "training": {
        "MAPE": 11368.539696037315,
        "MAE": 2.618507832751618,
        "MSE": 43.3375173086442,
        "DA": 0.5062867750070048
    },
    "validation": {
        "MAPE": 6746.176424727641,
        "MAE": 2.966033982330545,
        "MSE": 56.462273365041376,
        "DA": 0.5105071448585038
    }
}