{
    "training": {
        "MAPE": 1.1688254304980883,
        "MAE": 0.8718979116311492,
        "MSE": 4.30590308608545,
        "DA": 0.5527943779464083
    },
    "validation": {
        "MAPE": 1.2901111671934278,
        "MAE": 1.8223453780441743,
        "MSE": 21.292338796043296,
        "DA": 0.5251585623678647
    }
}