{
    "training": {
        "MAPE": 1757.9994779491624,
        "MAE": 1.3788693114218007,
        "MSE": 9.099726200821003,
        "DA": 0.5127175368139224
    },
    "validation": {
        "MAPE": 156.43128765786255,
        "MAE": 2.799210868449094,
        "MSE": 16.050359472318128,
        "DA": 0.5662650602409639
    }
}