{
    "training": {
        "MAPE": 12141.665802447495,
        "MAE": 2.6538279986414017,
        "MSE": 45.67368388112532,
        "DA": 0.5039752031381339
    },
    "validation": {
        "MAPE": 7107.2900552646515,
        "MAE": 3.1391296118944485,
        "MSE": 67.21649990508983,
        "DA": 0.5123283833006443
    }
}