{
    "training": {
        "MAPE": 1.1793041025517728,
        "MAE": 0.8804086913891152,
        "MSE": 4.3356671469034085,
        "DA": 0.53087047195107
    },
    "validation": {
        "MAPE": 1.2974781401179385,
        "MAE": 1.8441360227919397,
        "MSE": 21.34850182687415,
        "DA": 0.5261451726568006
    }
}