{
    "training": {
        "MAPE": 5.714463011752868,
        "MAE": 1.6716249702699246,
        "MSE": 6.173969123701457,
        "DA": 0.5308178966369325
    },
    "validation": {
        "MAPE": 4.8279895073661026,
        "MAE": 2.581349821671881,
        "MSE": 24.215836225737277,
        "DA": 0.530091613812544
    }
}