{
    "training": {
        "MAPE": 3.370430540754972,
        "MAE": 1.3960261820975661,
        "MSE": 3.0634370539045177,
        "DA": 0.49696561024949426
    },
    "validation": {
        "MAPE": 6.1290893780130045,
        "MAE": 2.9161538924714043,
        "MSE": 11.108434003436301,
        "DA": 0.536144578313253
    }
}