{
    "training": {
        "MAPE": 1.1700555594086646,
        "MAE": 0.8744054599129276,
        "MSE": 4.30616029417644,
        "DA": 0.5203904593329945
    },
    "validation": {
        "MAPE": 1.2908341061850297,
        "MAE": 1.816044468158232,
        "MSE": 20.580665586771993,
        "DA": 0.5295278365045807
    }
}