{
    "training": {
        "MAPE": 0.8204917230262754,
        "MAE": 0.598689428191704,
        "MSE": 2.5689159551320535,
        "DA": 0.7755735090517167
    },
    "validation": {
        "MAPE": 0.7320599471209689,
        "MAE": 1.1704054484777555,
        "MSE": 13.140416973143799,
        "DA": 0.8152219873150106
    }
}