{
    "training": {
        "MAPE": 10294.196499932232,
        "MAE": 2.124021076485678,
        "MSE": 23.397337100345478,
        "DA": 0.5003152143457552
    },
    "validation": {
        "MAPE": 7698.634874905189,
        "MAE": 3.0020052368512467,
        "MSE": 55.25071980969367,
        "DA": 0.5068646679742226
    }
}