{
    "training": {
        "MAPE": 0.0,
        "MAE": 0.0,
        "MSE": 0.0,
        "DA": 1.0
    },
    "validation": {
        "MAPE": 10.844256775838886,
        "MAE": 15.998984506314233,
        "MSE": 1319.9026229528647,
        "DA": 0.48738548273432003
    }
}