{
    "training": {
        "MAPE": 1.2941971981921623,
        "MAE": 0.9560834251323747,
        "MSE": 4.795950538007976,
        "DA": 0.5353393736527576
    },
    "validation": {
        "MAPE": 1.5286727631291777,
        "MAE": 2.762742586159915,
        "MSE": 78.37945291081124,
        "DA": 0.5190979563072586
    }
}