{
    "training": {
        "MAPE": 2.306932140435971,
        "MAE": 1.0352376393281169,
        "MSE": 4.640541038156613,
        "DA": 0.53304358493542
    },
    "validation": {
        "MAPE": 2.08427695910792,
        "MAE": 2.6687151810741447,
        "MSE": 82.67862440212824,
        "DA": 0.5230443974630021
    }
}