{
    "training": {
        "MAPE": 2.8734570617807482,
        "MAE": 2.377223787744733,
        "MSE": 8.864514508020841,
        "DA": 0.4942683749157114
    },
    "validation": {
        "MAPE": 2.651301293467995,
        "MAE": 2.992082373339259,
        "MSE": 13.261124283495873,
        "DA": 0.4939759036144578
    }
}