{
    "training": {
        "MAPE": 1.0730119687013353,
        "MAE": 1.768789703730736,
        "MSE": 7.312136631838878,
        "DA": 0.53199207865267
    },
    "validation": {
        "MAPE": 7.744671908987188,
        "MAE": 14.171654981696728,
        "MSE": 6446.1267396139365,
        "DA": 0.5092318534179
    }
}