{
    "training": {
        "MAPE": 1.175939844074375,
        "MAE": 0.8810935051197697,
        "MSE": 4.385421003976482,
        "DA": 0.5194791538879445
    },
    "validation": {
        "MAPE": 1.3168536006883367,
        "MAE": 1.9280918072919362,
        "MSE": 24.89057246121831,
        "DA": 0.5017618040873855
    }
}