{
    "training": {
        "MAPE": 1.1918925840426418,
        "MAE": 0.8883495346907475,
        "MSE": 4.438045961694161,
        "DA": 0.5160267082595819
    },
    "validation": {
        "MAPE": 1.461545455100744,
        "MAE": 2.6977808277451336,
        "MSE": 77.49014380607792,
        "DA": 0.49852008456659624
    }
}