{
    "training": {
        "MAPE": 688.1223771832322,
        "MAE": 1.2820535702664622,
        "MSE": 6.562865304153484,
        "DA": 0.5133868808567604
    },
    "validation": {
        "MAPE": 142.93742880700424,
        "MAE": 2.8650021865571618,
        "MSE": 15.914175735963337,
        "DA": 0.43373493975903615
    }
}