{
    "training": {
        "MAPE": 99.2680666007956,
        "MAE": 3.7624318294549943,
        "MSE": 33.498750973730985,
        "DA": 0.49561699258260283
    },
    "validation": {
        "MAPE": 31.591953028194723,
        "MAE": 7.036415294030468,
        "MSE": 71.27261333528484,
        "DA": 0.4879518072289157
    }
}