{
    "training": {
        "MAPE": 1.703845339179762,
        "MAE": 0.9468159037865604,
        "MSE": 4.417448815571246,
        "DA": 0.4876360386253307
    },
    "validation": {
        "MAPE": 1.6291083115395042,
        "MAE": 1.9591336892779452,
        "MSE": 24.382652642015717,
        "DA": 0.4866807610993658
    }
}