{
    "training": {
        "MAPE": 2.456483032935064,
        "MAE": 1.0866001475251468,
        "MSE": 4.740591329374857,
        "DA": 0.4738963565307303
    },
    "validation": {
        "MAPE": 2.1824971965496975,
        "MAE": 2.205428392927865,
        "MSE": 31.799587390652118,
        "DA": 0.47681465821000707
    }
}