{
    "training": {
        "MAPE": 1.505050954909309,
        "MAE": 0.9299119117404692,
        "MSE": 4.578662209561375,
        "DA": 0.5267170221342072
    },
    "validation": {
        "MAPE": 1.5614514143071283,
        "MAE": 3.7269627085384043,
        "MSE": 357.9765751601353,
        "DA": 0.5154334038054968
    }
}