{
    "training": {
        "MAPE": 0.0,
        "MAE": 0.0,
        "MSE": 0.0,
        "DA": 1.0
    },
    "validation": {
        "MAPE": 24.465923144358737,
        "MAE": 42.10396255441317,
        "MSE": 8860.416920372569,
        "DA": 0.471599718111346
    }
}