{
    "training": {
        "MAPE": 0.4914216010785277,
        "MAE": 0.3378774733176316,
        "MSE": 0.5111901390991793,
        "DA": 0.9360158426946601
    },
    "validation": {
        "MAPE": 0.7088771933345095,
        "MAE": 1.1658254291711325,
        "MSE": 18.76905497193364,
        "DA": 0.8873854827343199
    }
}