{
    "training": {
        "MAPE": 1.1319448025180543,
        "MAE": 0.8174176687278579,
        "MSE": 3.52679288438167,
        "DA": 0.6332696587862112
    },
    "validation": {
        "MAPE": 2.146100394854049,
        "MAE": 4.7992649077620975,
        "MSE": 735.1709568589116,
        "DA": 0.514446793516561
    }
}