{
    "training": {
        "MAPE": 1.9096576233542755,
        "MAE": 1.0075088413292685,
        "MSE": 4.775269595270751,
        "DA": 0.4784353586512679
    },
    "validation": {
        "MAPE": 1.7368512291118532,
        "MAE": 2.4014752898800102,
        "MSE": 57.42570767748909,
        "DA": 0.4892177589852008
    }
}