{
    "training": {
        "MAPE": 1644.0322019697178,
        "MAE": 0.9571130196304252,
        "MSE": 4.813371676643943,
        "DA": 0.5011908097506305
    },
    "validation": {
        "MAPE": 1092.368700193643,
        "MAE": 1.8847472098230134,
        "MSE": 21.960753205079616,
        "DA": 0.5028019052956011
    }
}