{
    "training": {
        "MAPE": 875.3184666259266,
        "MAE": 1.16191835544903,
        "MSE": 2.65774322101838,
        "DA": 0.4996628455832771
    },
    "validation": {
        "MAPE": 125.92158736565288,
        "MAE": 2.8185604293332105,
        "MSE": 15.796427648944434,
        "DA": 0.43373493975903615
    }
}