{
    "training": {
        "MAPE": 0.0,
        "MAE": 0.0,
        "MSE": 0.0,
        "DA": 1.0
    },
    "validation": {
        "MAPE": 48.72962337408702,
        "MAE": 83.54179936226298,
        "MSE": 32704.625430406948,
        "DA": 0.4710359408033826
    }
}