{
    "training": {
        "MAPE": 23.504554513072083,
        "MAE": 4.506345118920437,
        "MSE": 42.979876919658324,
        "DA": 0.5118004045853001
    },
    "validation": {
        "MAPE": 17.721389457929675,
        "MAE": 3.6132894718147326,
        "MSE": 21.221163352677898,
        "DA": 0.536144578313253
    }
}