{
    "training": {
        "MAPE": 581.6815029757141,
        "MAE": 1.2509396225978124,
        "MSE": 6.293161938922253,
        "DA": 0.5234270414993306
    },
    "validation": {
        "MAPE": 113.53357740270012,
        "MAE": 2.802322172923741,
        "MSE": 15.4184624304449,
        "DA": 0.5
    }
}