{
    "training": {
        "MAPE": 0.0,
        "MAE": 0.0,
        "MSE": 0.0,
        "DA": 1.0
    },
    "validation": {
        "MAPE": 27.399896394788243,
        "MAE": 45.98156121496081,
        "MSE": 9393.13959080592,
        "DA": 0.47061310782241017
    }
}