{
    "training": {
        "MAPE": 474.0678277839585,
        "MAE": 1.2584741414100211,
        "MSE": 6.571490157053476,
        "DA": 0.5153949129852744
    },
    "validation": {
        "MAPE": 108.79810981112222,
        "MAE": 2.798857786578548,
        "MSE": 15.462138640404463,
        "DA": 0.4397590361445783
    }
}