{
    "training": {
        "MAPE": 1.40210964012349,
        "MAE": 2.148915512002703,
        "MSE": 10.46884300716533,
        "DA": 0.5084288604180714
    },
    "validation": {
        "MAPE": 1.9539879209625397,
        "MAE": 6.988648988643807,
        "MSE": 76.16761346642913,
        "DA": 0.5843373493975904
    }
}