{
    "training": {
        "MAPE": 28.744570171401545,
        "MAE": 1.1186403363802522,
        "MSE": 2.6960386629068145,
        "DA": 0.5138233310856373
    },
    "validation": {
        "MAPE": 36.04504942057756,
        "MAE": 1.0464484729238612,
        "MSE": 1.677864264797674,
        "DA": 0.45180722891566266
    }
}