{
    "training": {
        "MAPE": 1.1830045922813401,
        "MAE": 0.882071418558793,
        "MSE": 4.352635291221328,
        "DA": 0.5438565745430328
    },
    "validation": {
        "MAPE": 1.3035124417934563,
        "MAE": 1.856787106974115,
        "MSE": 21.607196606763953,
        "DA": 0.5337561663143058
    }
}