{
    "training": {
        "MAPE": 420.7983120374441,
        "MAE": 1.2639491408382468,
        "MSE": 7.053178969619623,
        "DA": 0.5093708165997323
    },
    "validation": {
        "MAPE": 112.93429211918244,
        "MAE": 2.831205031192433,
        "MSE": 15.98074719680774,
        "DA": 0.5
    }
}