{
    "training": {
        "MAPE": 1.2014216719485045,
        "MAE": 0.8885536613317221,
        "MSE": 4.412077718914249,
        "DA": 0.5142216224741943
    },
    "validation": {
        "MAPE": 1.4210000782789838,
        "MAE": 2.4717963870068047,
        "MSE": 57.837531538557734,
        "DA": 0.5047216349541931
    }
}