{
    "training": {
        "MAPE": 1.4793110087372687,
        "MAE": 1.0116797837148228,
        "MSE": 5.350456763052289,
        "DA": 0.6741206778710502
    },
    "validation": {
        "MAPE": 3.2683489922821023,
        "MAE": 4.525196816358757,
        "MSE": 131.33839632674432,
        "DA": 0.51092318534179
    }
}