{
    "training": {
        "MAPE": 1.1710663563268104,
        "MAE": 0.87570129091097,
        "MSE": 4.323396740265004,
        "DA": 0.5097001454583692
    },
    "validation": {
        "MAPE": 1.303422295315915,
        "MAE": 1.8580254800208118,
        "MSE": 21.86089441712934,
        "DA": 0.5105003523608175
    }
}