{
    "training": {
        "MAPE": 1.2033961626191996,
        "MAE": 0.885060531049758,
        "MSE": 4.382354143063521,
        "DA": 0.5020591998037188
    },
    "validation": {
        "MAPE": 1.3403350085771826,
        "MAE": 2.0517018375853673,
        "MSE": 28.968117579000207,
        "DA": 0.4832980972515856
    }
}