{
    "training": {
        "MAPE": 2.511362290322625,
        "MAE": 1.0784061696793927,
        "MSE": 4.751363360194391,
        "DA": 0.5345682690454076
    },
    "validation": {
        "MAPE": 2.2312236910353005,
        "MAE": 2.2019393246712955,
        "MSE": 32.10827886407133,
        "DA": 0.5255813953488372
    }
}