{
    "training": {
        "MAPE": 535.952511399497,
        "MAE": 1.2523160642988391,
        "MSE": 6.165160172589276,
        "DA": 0.5227576974564926
    },
    "validation": {
        "MAPE": 130.0913230795192,
        "MAE": 2.8431909889410756,
        "MSE": 15.973862944955293,
        "DA": 0.4457831325301205
    }
}