{
    "training": {
        "MAPE": 1.6203834969934705,
        "MAE": 0.9741887305778392,
        "MSE": 5.198961917125184,
        "DA": 0.506054923678169
    },
    "validation": {
        "MAPE": 1.9123686990068463,
        "MAE": 6.552169596107441,
        "MSE": 1494.1131458774041,
        "DA": 0.492600422832981
    }
}