{
    "training": {
        "MAPE": 967.4073743389654,
        "MAE": 0.9049956513455791,
        "MSE": 4.4575582113656305,
        "DA": 0.5068121322499299
    },
    "validation": {
        "MAPE": 1019.0183348717868,
        "MAE": 1.9864936998081293,
        "MSE": 25.334873468223428,
        "DA": 0.4861305687867749
    }
}