{
    "training": {
        "MAPE": 1.2144045600458053,
        "MAE": 0.8979909095971417,
        "MSE": 4.4497087741885535,
        "DA": 0.544207076637283
    },
    "validation": {
        "MAPE": 1.5143550516711892,
        "MAE": 2.8562539963523177,
        "MSE": 92.81406814699376,
        "DA": 0.5175475687103593
    }
}