{
    "training": {
        "MAPE": 1.168723018810292,
        "MAE": 0.8416262144890778,
        "MSE": 4.003427045072647,
        "DA": 0.6168311105658857
    },
    "validation": {
        "MAPE": 1.6066964900785266,
        "MAE": 2.8170095123407006,
        "MSE": 70.78890224464426,
        "DA": 0.4976744186046511
    }
}