{
    "training": {
        "MAPE": 0.7173548870574011,
        "MAE": 0.5225425593886899,
        "MSE": 2.1417551802951227,
        "DA": 0.8022291933194301
    },
    "validation": {
        "MAPE": 0.7730475065548424,
        "MAE": 1.1175899329603687,
        "MSE": 11.134712275305624,
        "DA": 0.8032417195207895
    }
}