{
    "training": {
        "MAPE": 3.0139478985391164,
        "MAE": 5.6297271492024965,
        "MSE": 59.09029075582611,
        "DA": 0.4855023600809171
    },
    "validation": {
        "MAPE": 3.651528810796556,
        "MAE": 11.486412974831588,
        "MSE": 238.10001971869278,
        "DA": 0.5180722891566265
    }
}