{
    "training": {
        "MAPE": 0.6618795687805589,
        "MAE": 0.5061490910720112,
        "MSE": 1.1647199903533594,
        "DA": 0.7949212246543174
    },
    "validation": {
        "MAPE": 0.9075315317532957,
        "MAE": 1.7412790485255434,
        "MSE": 46.96872942731806,
        "DA": 0.7695560253699789
    }
}