{
    "training": {
        "MAPE": 0.0,
        "MAE": 0.0,
        "MSE": 0.0,
        "DA": 1.0
    },
    "validation": {
        "MAPE": 6.651051970899015,
        "MAE": 11.913874565655446,
        "MSE": 1270.0217399826915,
        "DA": 0.4806201550387597
    }
}