{
    "training": {
        "MAPE": 0.0,
        "MAE": 0.0,
        "MSE": 0.0,
        "DA": 1.0
    },
    "validation": {
        "MAPE": 44.58756308947651,
        "MAE": 76.61533135839078,
        "MSE": 28001.75576521838,
        "DA": 0.4707540521494011
    }
}