{
    "training": {
        "MAPE": 1.1877061799307451,
        "MAE": 0.891002575085757,
        "MSE": 4.441903420973465,
        "DA": 0.48626908045775574
    },
    "validation": {
        "MAPE": 1.4333932424188824,
        "MAE": 2.468169573440244,
        "MSE": 54.164026636253034,
        "DA": 0.47695560253699804
    }
}