{
    "training": {
        "MAPE": 1.2203094574828988,
        "MAE": 0.8967344775233126,
        "MSE": 4.425790463600723,
        "DA": 0.5450132314540579
    },
    "validation": {
        "MAPE": 1.3858926432127974,
        "MAE": 2.248312730137193,
        "MSE": 41.379675606364046,
        "DA": 0.523890063424947
    }
}