{
    "training": {
        "MAPE": 0.0,
        "MAE": 0.0,
        "MSE": 0.0,
        "DA": 1.0
    },
    "validation": {
        "MAPE": 8.634631049997166,
        "MAE": 11.349067539382242,
        "MSE": 680.2631929277475,
        "DA": 0.48724453840732906
    }
}