{
    "training": {
        "MAPE": 7.212707987675509,
        "MAE": 0.8884481072618634,
        "MSE": 1.3938225030454108,
        "DA": 0.49696561024949426
    },
    "validation": {
        "MAPE": 5.814900343698325,
        "MAE": 1.0401043767415121,
        "MSE": 1.6875764115550143,
        "DA": 0.46987951807228917
    }
}