{
    "training": {
        "MAPE": 1492.7600893509646,
        "MAE": 0.9143686453684163,
        "MSE": 4.542525558826265,
        "DA": 0.5296301485009808
    },
    "validation": {
        "MAPE": 1503.5268522353454,
        "MAE": 1.9334757434102143,
        "MSE": 22.561381624976338,
        "DA": 0.516671336508826
    }
}