{
    "training": {
        "MAPE": 1.059039381085824,
        "MAE": 0.7656627049644678,
        "MSE": 2.7364525038528527,
        "DA": 0.6294667110635986
    },
    "validation": {
        "MAPE": 1.1911630931520896,
        "MAE": 1.6901283960457314,
        "MSE": 18.44601248831743,
        "DA": 0.6105708245243128
    }
}