{
    "training": {
        "MAPE": 1.1930356596451344,
        "MAE": 0.8955385818978959,
        "MSE": 4.5275388297508155,
        "DA": 0.5106815513222692
    },
    "validation": {
        "MAPE": 1.3214111304008949,
        "MAE": 1.9601212470582918,
        "MSE": 26.381622331208547,
        "DA": 0.49809725158562373
    }
}