{
    "training": {
        "MAPE": 1.2751961512719634,
        "MAE": 0.8929937913061089,
        "MSE": 4.175763359131527,
        "DA": 0.5719843676065964
    },
    "validation": {
        "MAPE": 1.7050336426702388,
        "MAE": 3.2427160187815063,
        "MSE": 109.56130133851104,
        "DA": 0.5040169133192389
    }
}