{
    "training": {
        "MAPE": 1.1816708754982646,
        "MAE": 0.8815712048357593,
        "MSE": 4.360340005133392,
        "DA": 0.49213999053644353
    },
    "validation": {
        "MAPE": 1.3410865235749034,
        "MAE": 2.0441617968463888,
        "MSE": 28.94657243711612,
        "DA": 0.5000704721634954
    }
}