{
    "training": {
        "MAPE": 520.0378987368134,
        "MAE": 0.8648181025744445,
        "MSE": 4.274633562014659,
        "DA": 0.5409953768562622
    },
    "validation": {
        "MAPE": 2485.901881083304,
        "MAE": 2.701931483693674,
        "MSE": 61.359441367560315,
        "DA": 0.4949565704679182
    }
}