{
    "training": {
        "MAPE": 1974.4010780738765,
        "MAE": 0.9740337158688936,
        "MSE": 4.982763824633022,
        "DA": 0.5085282992434855
    },
    "validation": {
        "MAPE": 1164.0976230809622,
        "MAE": 1.8955643366976889,
        "MSE": 22.648977119020522,
        "DA": 0.508545811151583
    }
}