{
    "training": {
        "MAPE": 1.7567617040219723,
        "MAE": 0.9253316937866717,
        "MSE": 4.624151857644622,
        "DA": 0.5346383694642576
    },
    "validation": {
        "MAPE": 2.012105701839286,
        "MAE": 8.50672499044765,
        "MSE": 2820.590465359605,
        "DA": 0.5189570119802678
    }
}