{
    "training": {
        "MAPE": 0.0,
        "MAE": 0.0,
        "MSE": 0.0,
        "DA": 1.0
    },
    "validation": {
        "MAPE": 29.204440815078925,
        "MAE": 50.058709723674035,
        "MSE": 11842.512480286829,
        "DA": 0.4704721634954193
    }
}