{
    "training": {
        "MAPE": 2.9552491946153765,
        "MAE": 0.8979424995874781,
        "MSE": 1.3293528397538297,
        "DA": 0.5077545515846258
    },
    "validation": {
        "MAPE": 2.6734437837841094,
        "MAE": 1.2857366888537376,
        "MSE": 2.5604838883286187,
        "DA": 0.4879518072289157
    }
}