{
    "training": {
        "MAPE": 1.170364936190447,
        "MAE": 0.8700569534155628,
        "MSE": 4.313513190553394,
        "DA": 0.5490089553285081
    },
    "validation": {
        "MAPE": 1.382649379231088,
        "MAE": 2.162847179674442,
        "MSE": 35.733318594913804,
        "DA": 0.500352360817477
    }
}