{
    "training": {
        "MAPE": 0.5932582603551606,
        "MAE": 0.43884343783238866,
        "MSE": 0.8568723033791726,
        "DA": 0.8235397206498307
    },
    "validation": {
        "MAPE": 0.696520431049198,
        "MAE": 1.5549098634359129,
        "MSE": 47.97987007343874,
        "DA": 0.8284707540521494
    }
}