{
    "training": {
        "MAPE": 1.1741135683010389,
        "MAE": 0.8752932920651163,
        "MSE": 4.306698763843641,
        "DA": 0.5454163088624454
    },
    "validation": {
        "MAPE": 1.2960108631378797,
        "MAE": 1.8381566518333063,
        "MSE": 21.376699345802077,
        "DA": 0.5250176180408738
    }
}