{
    "training": {
        "MAPE": 0.0,
        "MAE": 0.0,
        "MSE": 0.0,
        "DA": 1.0
    },
    "validation": {
        "MAPE": 4.965277540264704,
        "MAE": 7.983776987895478,
        "MSE": 582.4810747173341,
        "DA": 0.49443269908386184
    }
}