{
    "training": {
        "MAPE": 1.2065583704077083,
        "MAE": 0.9103850479933786,
        "MSE": 4.691069708441506,
        "DA": 0.5013932458246438
    },
    "validation": {
        "MAPE": 1.593014628295349,
        "MAE": 3.1204104229621663,
        "MSE": 113.54693134327968,
        "DA": 0.48625792811839325
    }
}