{
    "training": {
        "MAPE": 3.8818341123653606,
        "MAE": 1.5968771967367692,
        "MSE": 6.443141287068236,
        "DA": 0.4711449150908676
    },
    "validation": {
        "MAPE": 3.1208733524045393,
        "MAE": 2.8435859444596314,
        "MSE": 51.08661200144983,
        "DA": 0.4721634954193093
    }
}