{
    "training": {
        "MAPE": 12196.066139906336,
        "MAE": 2.6188823026954453,
        "MSE": 42.44181417128119,
        "DA": 0.5055337629588119
    },
    "validation": {
        "MAPE": 6875.967832627513,
        "MAE": 2.955995971171695,
        "MSE": 54.88638143893088,
        "DA": 0.5117680022415242
    }
}