{
    "training": {
        "MAPE": 23.273527866415584,
        "MAE": 3.2023547000861714,
        "MSE": 21.15020984801506,
        "DA": 0.4949426837491571
    },
    "validation": {
        "MAPE": 8.441209125169227,
        "MAE": 3.526985573682956,
        "MSE": 18.852041500400556,
        "DA": 0.4939759036144578
    }
}