{
    "training": {
        "MAPE": 951.3375645432682,
        "MAE": 0.9038331171794654,
        "MSE": 4.425269089576591,
        "DA": 0.5257775287195292
    },
    "validation": {
        "MAPE": 754.2826649980352,
        "MAE": 1.859668870407831,
        "MSE": 21.60864515760023,
        "DA": 0.5190529560100869
    }
}