{
    "training": {
        "MAPE": 0.33899898828402936,
        "MAE": 0.24055889808729133,
        "MSE": 0.2727029352875731,
        "DA": 0.9234328175110845
    },
    "validation": {
        "MAPE": 0.626591063021227,
        "MAE": 1.0642457249118482,
        "MSE": 114.62742711207663,
        "DA": 0.9006342494714588
    }
}