{
    "training": {
        "MAPE": 604.7814663748289,
        "MAE": 1.2511937359008463,
        "MSE": 5.620916887883757,
        "DA": 0.5240963855421686
    },
    "validation": {
        "MAPE": 149.7675797654641,
        "MAE": 2.896097562318351,
        "MSE": 15.951396554016098,
        "DA": 0.4397590361445783
    }
}