{
    "training": {
        "MAPE": 1965.1555320357184,
        "MAE": 0.9316887202258303,
        "MSE": 4.683037271972788,
        "DA": 0.5304532081815635
    },
    "validation": {
        "MAPE": 1712.021946614029,
        "MAE": 1.9003038674617492,
        "MSE": 22.33032550864521,
        "DA": 0.5281591482207901
    }
}