{
    "training": {
        "MAPE": 2.452320735732065,
        "MAE": 1.1191731750116516,
        "MSE": 5.193760039517567,
        "DA": 0.47287990045740513
    },
    "validation": {
        "MAPE": 2.1359974781850215,
        "MAE": 2.7096431553413907,
        "MSE": 75.79451248341837,
        "DA": 0.47681465821000707
    }
}