{
    "training": {
        "MAPE": 1118.226143440354,
        "MAE": 0.5300725206155168,
        "MSE": 0.8262885420632979,
        "DA": 0.8801874163319946
    },
    "validation": {
        "MAPE": 438.5176038793361,
        "MAE": 4.537298404656978,
        "MSE": 37.09190388456101,
        "DA": 0.5060240963855421
    }
}