{
    "training": {
        "MAPE": 13.007186734868222,
        "MAE": 8.06514096545402,
        "MSE": 101.44335831888758,
        "DA": 0.48145650708024273
    },
    "validation": {
        "MAPE": 14.591915077091244,
        "MAE": 8.793164817673004,
        "MSE": 136.96268475391778,
        "DA": 0.5
    }
}