{
    "training": {
        "MAPE": 0.0,
        "MAE": 0.0,
        "MSE": 0.0,
        "DA": 1.0
    },
    "validation": {
        "MAPE": 44.59030917498241,
        "MAE": 76.70142182698268,
        "MSE": 27799.163401462327,
        "DA": 0.4704721634954193
    }
}