{
    "training": {
        "MAPE": 1.197973667222644,
        "MAE": 0.8909125894128557,
        "MSE": 4.434314015573595,
        "DA": 0.4831846620283556
    },
    "validation": {
        "MAPE": 1.315859170067615,
        "MAE": 1.9065388921056037,
        "MSE": 23.13800522852794,
        "DA": 0.48217054263565884
    }
}