{
    "training": {
        "MAPE": 1.3823643611046974,
        "MAE": 0.9817744818466757,
        "MSE": 5.11104800438591,
        "DA": 0.5310982983123325
    },
    "validation": {
        "MAPE": 1.344579372963595,
        "MAE": 1.8683228165163455,
        "MSE": 21.957224625018732,
        "DA": 0.5291050035236081
    }
}