{
    "training": {
        "MAPE": 1.7278892679481102,
        "MAE": 0.9438535142019201,
        "MSE": 4.745821563886808,
        "DA": 0.5187430994900194
    },
    "validation": {
        "MAPE": 1.815026915617803,
        "MAE": 4.405538840863042,
        "MSE": 522.295218065547,
        "DA": 0.5017618040873855
    }
}