{
    "training": {
        "MAPE": 0.0,
        "MAE": 0.0,
        "MSE": 0.0,
        "DA": 1.0
    },
    "validation": {
        "MAPE": 25.382725361996588,
        "MAE": 43.49191578411101,
        "MSE": 9187.560814405972,
        "DA": 0.4703312191684285
    }
}