{
    "training": {
        "MAPE": 1.802651467630551,
        "MAE": 0.9507365492272483,
        "MSE": 4.976351150953481,
        "DA": 0.5216172166628695
    },
    "validation": {
        "MAPE": 1.5781091901826378,
        "MAE": 2.2133376057951613,
        "MSE": 43.352702716173894,
        "DA": 0.5150105708245243
    }
}