{
    "training": {
        "MAPE": 6.363808769921545,
        "MAE": 2.069649128569265,
        "MSE": 9.188079904459313,
        "DA": 0.4801078894133513
    },
    "validation": {
        "MAPE": 5.257253007181119,
        "MAE": 5.146619884924974,
        "MSE": 46.79591033369295,
        "DA": 0.5120481927710844
    }
}