{
    "training": {
        "MAPE": 0.0,
        "MAE": 0.0,
        "MSE": 0.0,
        "DA": 1.0
    },
    "validation": {
        "MAPE": 19.44300206567286,
        "MAE": 30.28269573743039,
        "MSE": 3617.535273418839,
        "DA": 0.47117688513037354
    }
}