{
    "training": {
        "MAPE": 1.1859056858364156,
        "MAE": 0.884830710633558,
        "MSE": 4.327916882004381,
        "DA": 0.5372496100664202
    },
    "validation": {
        "MAPE": 1.4395850615152412,
        "MAE": 2.352928448080117,
        "MSE": 44.860450034612036,
        "DA": 0.5137420718816068
    }
}