{
    "training": {
        "MAPE": 2.230816322337178,
        "MAE": 1.0278941006142148,
        "MSE": 5.150339605040827,
        "DA": 0.5067208776572439
    },
    "validation": {
        "MAPE": 1.8294338722419903,
        "MAE": 2.456972647756046,
        "MSE": 63.84591376205503,
        "DA": 0.5027484143763215
    }
}