{
    "training": {
        "MAPE": 11882.000935511947,
        "MAE": 2.595377243407802,
        "MSE": 43.55936855197975,
        "DA": 0.5046406556458393
    },
    "validation": {
        "MAPE": 7368.389259995421,
        "MAE": 3.3320143285424564,
        "MSE": 79.35928147197995,
        "DA": 0.5131689548893247
    }
}