{
    "training": {
        "MAPE": 1.2713396224340556,
        "MAE": 0.932963388475526,
        "MSE": 4.517275011921332,
        "DA": 0.5275932773698323
    },
    "validation": {
        "MAPE": 1.6878811966095097,
        "MAE": 3.1609599724788584,
        "MSE": 103.52969660562142,
        "DA": 0.48527131782945737
    }
}