{
    "training": {
        "MAPE": 3.550069330467303,
        "MAE": 2.686209780662208,
        "MSE": 16.946097968683393,
        "DA": 0.476062036412677
    },
    "validation": {
        "MAPE": 3.2925024083741956,
        "MAE": 10.786395596258657,
        "MSE": 186.92799390106427,
        "DA": 0.4819277108433735
    }
}