{
    "training": {
        "MAPE": 1254.2449000331255,
        "MAE": 0.8785635019889196,
        "MSE": 2.0505538179848983,
        "DA": 0.7342704149933066
    },
    "validation": {
        "MAPE": 232.02442752036734,
        "MAE": 2.9529109364625814,
        "MSE": 16.268568049519853,
        "DA": 0.5180722891566265
    }
}