{
    "training": {
        "MAPE": 11584.851274140412,
        "MAE": 2.57575617051336,
        "MSE": 42.771364651420384,
        "DA": 0.504150322219109
    },
    "validation": {
        "MAPE": 7330.301001654063,
        "MAE": 3.138848193897921,
        "MSE": 66.95723039801382,
        "DA": 0.5121882880358644
    }
}