{
    "training": {
        "MAPE": 0.432883874032799,
        "MAE": 0.2525329060451294,
        "MSE": 0.2952332548945642,
        "DA": 0.8810395892115456
    },
    "validation": {
        "MAPE": 0.3884388072520827,
        "MAE": 0.7000431533893918,
        "MSE": 22.862631108775084,
        "DA": 0.919520789288231
    }
}