{
    "training": {
        "MAPE": 146.63713453086422,
        "MAE": 48.906891246733124,
        "MSE": 9098.513978280485,
        "DA": 0.5020066244895813
    },
    "validation": {
        "MAPE": 158.7411177730116,
        "MAE": 97.09378253664212,
        "MSE": 51892.09392810739,
        "DA": 0.5002114164904863
    }
}