{
    "training": {
        "MAPE": 12313.720166820794,
        "MAE": 2.63489244950687,
        "MSE": 43.91610371810512,
        "DA": 0.5063042869151022
    },
    "validation": {
        "MAPE": 7011.795307247677,
        "MAE": 2.9425756246814845,
        "MSE": 54.64758536591311,
        "DA": 0.5110675259176239
    }
}