{
    "training": {
        "MAPE": 1.1776357333689282,
        "MAE": 0.8771028570531463,
        "MSE": 4.304440337339682,
        "DA": 0.5359001770035577
    },
    "validation": {
        "MAPE": 1.290560060063316,
        "MAE": 1.8237045419179423,
        "MSE": 21.000921422113482,
        "DA": 0.5271317829457364
    }
}