{
    "training": {
        "MAPE": 536.974105286228,
        "MAE": 1.2455500940557176,
        "MSE": 5.603698085675067,
        "DA": 0.5281124497991968
    },
    "validation": {
        "MAPE": 145.94406729523672,
        "MAE": 2.8896519397978975,
        "MSE": 15.91401648181328,
        "DA": 0.4397590361445783
    }
}