{
    "training": {
        "MAPE": 1.210933583822232,
        "MAE": 0.9008884378449361,
        "MSE": 4.463339452036814,
        "DA": 0.5312384991500324
    },
    "validation": {
        "MAPE": 1.3499853093162337,
        "MAE": 2.0885606835315342,
        "MSE": 31.533079619610493,
        "DA": 0.5276955602536997
    }
}