{
    "training": {
        "MAPE": 1858.8041944936726,
        "MAE": 0.9526805137101174,
        "MSE": 4.743166837629026,
        "DA": 0.509754132810311
    },
    "validation": {
        "MAPE": 1192.924423700073,
        "MAE": 1.8730573155079684,
        "MSE": 21.79398423573016,
        "DA": 0.5070047632390025
    }
}