{
    "training": {
        "MAPE": 1.7213983400806039,
        "MAE": 9.457107552582363,
        "MSE": 204.0453472295353,
        "DA": 0.50236008091706
    },
    "validation": {
        "MAPE": 2.399550989995401,
        "MAE": 40.64552377666542,
        "MSE": 2739.634562601656,
        "DA": 0.5240963855421686
    }
}