{
    "training": {
        "MAPE": 1282.7810350964328,
        "MAE": 0.909957848558527,
        "MSE": 4.473094873511791,
        "DA": 0.5287020173718129
    },
    "validation": {
        "MAPE": 843.1663326953487,
        "MAE": 1.9050071981804573,
        "MSE": 22.824112196831237,
        "DA": 0.5221350518352479
    }
}