{
    "training": {
        "MAPE": 0.0,
        "MAE": 0.0,
        "MSE": 0.0,
        "DA": 1.0
    },
    "validation": {
        "MAPE": 45.07704925225629,
        "MAE": 77.50913337256686,
        "MSE": 28837.881981866474,
        "DA": 0.4708949964763919
    }
}