{
    "training": {
        "MAPE": 12.213633972175726,
        "MAE": 2.8577858743906988,
        "MSE": 14.808884773716551,
        "DA": 0.4983142279163857
    },
    "validation": {
        "MAPE": 11.464925331570662,
        "MAE": 6.345921323856194,
        "MSE": 67.5490129022632,
        "DA": 0.4939759036144578
    }
}