{
    "training": {
        "MAPE": 2.506561057084528,
        "MAE": 1.0838121678378108,
        "MSE": 4.8803697333810945,
        "DA": 0.5340775661134576
    },
    "validation": {
        "MAPE": 2.1309548249587107,
        "MAE": 2.0637404649001803,
        "MSE": 25.007933811993322,
        "DA": 0.526568005637773
    }
}