{
    "training": {
        "MAPE": 2.4620074763459754,
        "MAE": 1.2821429351847768,
        "MSE": 2.776844583182083,
        "DA": 0.48887390424814564
    },
    "validation": {
        "MAPE": 2.499695209981554,
        "MAE": 1.8158777577291705,
        "MSE": 4.998081651576393,
        "DA": 0.4819277108433735
    }
}