{
    "training": {
        "MAPE": 4.321460698348919,
        "MAE": 1.3663407612759615,
        "MSE": 5.265877237203048,
        "DA": 0.5334116121343825
    },
    "validation": {
        "MAPE": 3.499085364541124,
        "MAE": 2.4732930240460087,
        "MSE": 36.652375727730956,
        "DA": 0.5238900634249471
    }
}