{
    "training": {
        "MAPE": 1.1984825293782162,
        "MAE": 0.8941469012794958,
        "MSE": 4.445622589661287,
        "DA": 0.5066332521336815
    },
    "validation": {
        "MAPE": 1.521621587196873,
        "MAE": 2.7960208454029227,
        "MSE": 79.18002222320327,
        "DA": 0.4856941508104298
    }
}