{
    "training": {
        "MAPE": 12.149112511112243,
        "MAE": 4.385294297788985,
        "MSE": 30.735264850701245,
        "DA": 0.4787592717464599
    },
    "validation": {
        "MAPE": 11.56624452191213,
        "MAE": 5.058562538466767,
        "MSE": 38.26217803669997,
        "DA": 0.5783132530120482
    }
}