{
    "training": {
        "MAPE": 6.166726041961572,
        "MAE": 1.9379220880322112,
        "MSE": 17.064272619087497,
        "DA": 0.5070538546467815
    },
    "validation": {
        "MAPE": 4.887451313693315,
        "MAE": 4.473569857406829,
        "MSE": 187.62912246192235,
        "DA": 0.4996476391825229
    }
}