{
    "training": {
        "MAPE": 1.9812239255267026,
        "MAE": 1.0303091160538034,
        "MSE": 4.745704670307833,
        "DA": 0.4741066577872803
    },
    "validation": {
        "MAPE": 1.876417405172925,
        "MAE": 2.2332715151629947,
        "MSE": 35.68352806764395,
        "DA": 0.47794221282593363
    }
}