{
    "training": {
        "MAPE": 0.6624846693372102,
        "MAE": 0.45732930662803,
        "MSE": 1.7092113581835546,
        "DA": 0.8208058043146808
    },
    "validation": {
        "MAPE": 4.009710972963768,
        "MAE": 8.082750902121127,
        "MSE": 682.9950098985413,
        "DA": 0.5028893587033121
    }
}