{
    "training": {
        "MAPE": 11.487138031082345,
        "MAE": 3.47682388977427,
        "MSE": 16.787179548583826,
        "DA": 0.46939240461961756
    },
    "validation": {
        "MAPE": 8.23951717761858,
        "MAE": 4.606873138024556,
        "MSE": 57.92277552885421,
        "DA": 0.46751233262861175
    }
}