{
    "training": {
        "MAPE": 1.6648201716674498,
        "MAE": 0.9445161491078302,
        "MSE": 4.7527357577664215,
        "DA": 0.5113650304060566
    },
    "validation": {
        "MAPE": 1.540569112263469,
        "MAE": 2.0020172929262774,
        "MSE": 27.45357316674027,
        "DA": 0.4965468639887244
    }
}