{
    "training": {
        "MAPE": 1.2462895297973116,
        "MAE": 0.910983512382041,
        "MSE": 4.520249694148465,
        "DA": 0.5155885806417694
    },
    "validation": {
        "MAPE": 1.3480534319845996,
        "MAE": 1.9561852946753076,
        "MSE": 24.36874653014349,
        "DA": 0.5076814658210007
    }
}