{
    "training": {
        "MAPE": 0.7778412781020806,
        "MAE": 0.557283210854682,
        "MSE": 1.3904287604635235,
        "DA": 0.8493541998913443
    },
    "validation": {
        "MAPE": 1.1867322678024004,
        "MAE": 2.469415636742674,
        "MSE": 110.57321925875658,
        "DA": 0.7678646934460888
    }
}