{
    "training": {
        "MAPE": 1956.1358188563659,
        "MAE": 0.40668863445261527,
        "MSE": 0.6044475519302035,
        "DA": 0.8862115127175368
    },
    "validation": {
        "MAPE": 366.1226314565857,
        "MAE": 4.028197203571178,
        "MSE": 29.28166033828058,
        "DA": 0.4578313253012048
    }
}