{
    "training": {
        "MAPE": 0.7374067271429141,
        "MAE": 0.5182186128584467,
        "MSE": 2.0828532671583186,
        "DA": 0.7989519987381924
    },
    "validation": {
        "MAPE": 0.7815516854933537,
        "MAE": 1.0914752175835354,
        "MSE": 10.04532206836001,
        "DA": 0.8049330514446793
    }
}