{
    "training": {
        "MAPE": 1.2091152645023275,
        "MAE": 0.8711088864651004,
        "MSE": 4.066893065351564,
        "DA": 0.5777851772664341
    },
    "validation": {
        "MAPE": 1.535950850945186,
        "MAE": 2.6991887599595583,
        "MSE": 65.61748521312504,
        "DA": 0.49922480620155035
    }
}