{
    "training": {
        "MAPE": 3.53777974960265,
        "MAE": 1.245026357437122,
        "MSE": 5.033364045108139,
        "DA": 0.5331662606684074
    },
    "validation": {
        "MAPE": 2.918062871647521,
        "MAE": 2.3838352145317656,
        "MSE": 38.19383223626881,
        "DA": 0.5254404510218463
    }
}