{
    "training": {
        "MAPE": 0.0,
        "MAE": 0.0,
        "MSE": 0.0,
        "DA": 1.0
    },
    "validation": {
        "MAPE": 44.071743777435856,
        "MAE": 75.29547955708182,
        "MSE": 26727.106650178288,
        "DA": 0.4708949964763919
    }
}