{
    "training": {
        "MAPE": 2.003684905370527,
        "MAE": 0.9682324528945496,
        "MSE": 4.783038329522998,
        "DA": 0.5140463714270692
    },
    "validation": {
        "MAPE": 1.8051804256863309,
        "MAE": 2.313027528961622,
        "MSE": 49.7098988407117,
        "DA": 0.5016208597603946
    }
}