{
    "training": {
        "MAPE": 1.0605205202401518,
        "MAE": 0.7709195550947205,
        "MSE": 2.7372286592113872,
        "DA": 0.6243493804875485
    },
    "validation": {
        "MAPE": 1.1927631617389352,
        "MAE": 1.7179303811277193,
        "MSE": 19.296841132579587,
        "DA": 0.6032417195207892
    }
}