{
    "training": {
        "MAPE": 0.3526928982869508,
        "MAE": 0.22139300141641147,
        "MSE": 0.20958226958707923,
        "DA": 0.8986698445523214
    },
    "validation": {
        "MAPE": 0.6093249319327759,
        "MAE": 1.0668739620461538,
        "MSE": 244.17373844596156,
        "DA": 0.9165609584214236
    }
}