{
    "training": {
        "MAPE": 40.47396735359919,
        "MAE": 4.973314060955596,
        "MSE": 50.56163069184206,
        "DA": 0.5050573162508429
    },
    "validation": {
        "MAPE": 29.593857388070955,
        "MAE": 5.2920533102572325,
        "MSE": 55.75518126089795,
        "DA": 0.5120481927710844
    }
}