{
    "training": {
        "MAPE": 2.2548364912383234,
        "MAE": 3.091591489128668,
        "MSE": 18.407009870430915,
        "DA": 0.4942683749157114
    },
    "validation": {
        "MAPE": 1.8463984306501198,
        "MAE": 6.510953222948634,
        "MSE": 66.83101197292241,
        "DA": 0.5481927710843374
    }
}