{
    "training": {
        "MAPE": 3.5344028309236086,
        "MAE": 1.6922788636832227,
        "MSE": 8.832130699049047,
        "DA": 0.4996628455832771
    },
    "validation": {
        "MAPE": 3.413258416814028,
        "MAE": 6.323900011256785,
        "MSE": 92.62554681550654,
        "DA": 0.4759036144578313
    }
}