{
    "training": {
        "MAPE": 2.4671513132810508,
        "MAE": 1.0933220965566173,
        "MSE": 4.982925954997155,
        "DA": 0.5333765619249574
    },
    "validation": {
        "MAPE": 2.181841428594409,
        "MAE": 2.3352135244181382,
        "MSE": 41.832333774387656,
        "DA": 0.5247357293868923
    }
}