{
    "training": {
        "MAPE": 1.4202433527620766,
        "MAE": 2.253728870053328,
        "MSE": 9.493895669406292,
        "DA": 0.5145545994637318
    },
    "validation": {
        "MAPE": 18.45853091600754,
        "MAE": 30.103603091267985,
        "MSE": 27529.570245325005,
        "DA": 0.5217758985200845
    }
}