{
    "training": {
        "MAPE": 1.2713797307406844,
        "MAE": 0.8991857010693937,
        "MSE": 4.294182178496514,
        "DA": 0.5678133926850214
    },
    "validation": {
        "MAPE": 1.6541983945241898,
        "MAE": 2.972340991723503,
        "MSE": 85.01574863588034,
        "DA": 0.4938689217758985
    }
}