{
    "training": {
        "MAPE": 1530.5970394142496,
        "MAE": 1.380658303028848,
        "MSE": 7.5360711319475016,
        "DA": 0.4859437751004016
    },
    "validation": {
        "MAPE": 158.91636176758362,
        "MAE": 2.878252122007218,
        "MSE": 15.6633370270433,
        "DA": 0.43373493975903615
    }
}