{
    "training": {
        "MAPE": 1574.1523656533482,
        "MAE": 0.9477641397966736,
        "MSE": 4.7228731696128845,
        "DA": 0.5053061081535444
    },
    "validation": {
        "MAPE": 965.6883011315882,
        "MAE": 1.869485487167585,
        "MSE": 21.719501279985412,
        "DA": 0.514009526478005
    }
}