{
    "training": {
        "MAPE": 1.51526914838552,
        "MAE": 1.0536577973721672,
        "MSE": 5.844393981274554,
        "DA": 0.6693187991798251
    },
    "validation": {
        "MAPE": 4.036557607678935,
        "MAE": 6.468755087509783,
        "MSE": 322.90716424953376,
        "DA": 0.5068357998590557
    }
}