{
    "training": {
        "MAPE": 1271.1958888396975,
        "MAE": 0.9122404093936167,
        "MSE": 4.477282039388069,
        "DA": 0.5273536004483049
    },
    "validation": {
        "MAPE": 653.5246468123892,
        "MAE": 1.8303557890555333,
        "MSE": 20.822966631208022,
        "DA": 0.5214345755113478
    }
}