{
    "training": {
        "MAPE": 49.935747587336486,
        "MAE": 45.27832678117585,
        "MSE": 8039.43065766631,
        "DA": 0.4712150155097177
    },
    "validation": {
        "MAPE": 69.09357829725352,
        "MAE": 115.13912618989836,
        "MSE": 58733.21300036808,
        "DA": 0.469062720225511
    }
}