{
    "training": {
        "MAPE": 0.0,
        "MAE": 0.0,
        "MSE": 0.0,
        "DA": 1.0
    },
    "validation": {
        "MAPE": 27.983689280701444,
        "MAE": 45.149634732488636,
        "MSE": 8362.476621366075,
        "DA": 0.4703312191684285
    }
}