{
    "training": {
        "MAPE": 999.0887504091571,
        "MAE": 0.9091850188142485,
        "MSE": 4.484066467475624,
        "DA": 0.5229230876996357
    },
    "validation": {
        "MAPE": 724.5167861217889,
        "MAE": 1.8473955672647844,
        "MSE": 20.867227898868673,
        "DA": 0.5120481927710843
    }
}