{
    "training": {
        "MAPE": 11073.58864870334,
        "MAE": 2.2305797859273846,
        "MSE": 26.71800305099449,
        "DA": 0.5033447744466237
    },
    "validation": {
        "MAPE": 8199.480070864975,
        "MAE": 3.4407949507382516,
        "MSE": 81.02102494604291,
        "DA": 0.5148500980666854
    }
}