{
    "training": {
        "MAPE": 3.339014152578695,
        "MAE": 1.5575192568371605,
        "MSE": 11.010189237897658,
        "DA": 0.5202417483138366
    },
    "validation": {
        "MAPE": 2.699309089915878,
        "MAE": 3.3096018986222324,
        "MSE": 84.5867776089626,
        "DA": 0.4982381959126145
    }
}