{
    "training": {
        "MAPE": 1.2199637144373323,
        "MAE": 0.8939808428736753,
        "MSE": 4.331722949699012,
        "DA": 0.5336744887050702
    },
    "validation": {
        "MAPE": 1.3130888697368002,
        "MAE": 1.8737435873204782,
        "MSE": 22.783711626918333,
        "DA": 0.5164200140944328
    }
}