{
    "training": {
        "MAPE": 1.192746930286228,
        "MAE": 0.8920299291300087,
        "MSE": 4.436074725796846,
        "DA": 0.5181472459297944
    },
    "validation": {
        "MAPE": 1.3144736265311983,
        "MAE": 1.8627165712512623,
        "MSE": 22.844467789688732,
        "DA": 0.5035940803382665
    }
}