{
    "training": {
        "MAPE": 0.7068940196798623,
        "MAE": 0.5001655299146157,
        "MSE": 1.8381907730978444,
        "DA": 0.8025446452042552
    },
    "validation": {
        "MAPE": 3.8596444238541596,
        "MAE": 7.0783018145530505,
        "MSE": 420.03330599229696,
        "DA": 0.4979563072586327
    }
}