{
    "training": {
        "MAPE": 1.194358393131126,
        "MAE": 0.8867363212586418,
        "MSE": 4.38582196161436,
        "DA": 0.517779218730832
    },
    "validation": {
        "MAPE": 1.3557462100015694,
        "MAE": 2.0624714074317883,
        "MSE": 28.722097753533834,
        "DA": 0.4971106412966878
    }
}