{
    "training": {
        "MAPE": 152.1046157284358,
        "MAE": 48.756756961000306,
        "MSE": 9036.549288270196,
        "DA": 0.5041972625786438
    },
    "validation": {
        "MAPE": 169.87189537543972,
        "MAE": 97.16114395726527,
        "MSE": 51391.180028286886,
        "DA": 0.5033121916842848
    }
}