{
    "training": {
        "MAPE": 1.22685573706985,
        "MAE": 0.9048099072330571,
        "MSE": 4.492539314514128,
        "DA": 0.5109093776835316
    },
    "validation": {
        "MAPE": 1.328734630725932,
        "MAE": 1.9416539271734932,
        "MSE": 24.932363934778543,
        "DA": 0.49570119802677937
    }
}