{
    "training": {
        "MAPE": 1.1972501758150704,
        "MAE": 0.8857550468655085,
        "MSE": 4.32235880992503,
        "DA": 0.5348661958255201
    },
    "validation": {
        "MAPE": 1.312373423249943,
        "MAE": 1.861786215151015,
        "MSE": 22.243168183536515,
        "DA": 0.5162790697674418
    }
}