{
    "training": {
        "MAPE": 6.1915730824248705,
        "MAE": 1.9645171941564925,
        "MSE": 8.043713765928235,
        "DA": 0.4704964862165052
    },
    "validation": {
        "MAPE": 4.779377796581316,
        "MAE": 3.069042338164088,
        "MSE": 43.566052389534015,
        "DA": 0.4756871035940803
    }
}