{
    "training": {
        "MAPE": 0.3597441836066326,
        "MAE": 0.259966948026701,
        "MSE": 0.23894292843331918,
        "DA": 0.9219256585058093
    },
    "validation": {
        "MAPE": 0.6166308133948664,
        "MAE": 1.0593899974317984,
        "MSE": 51.08444811042317,
        "DA": 0.875828047921071
    }
}