{
    "training": {
        "MAPE": 3.579727849207355,
        "MAE": 1.331090313189481,
        "MSE": 6.711772734743607,
        "DA": 0.5262263192022573
    },
    "validation": {
        "MAPE": 2.7564747971239507,
        "MAE": 3.433938816222332,
        "MSE": 182.65356667413982,
        "DA": 0.5207892882311488
    }
}