{
    "training": {
        "MAPE": 1.625229620769607,
        "MAE": 0.9362945046801482,
        "MSE": 4.791594997703951,
        "DA": 0.5101207479714691
    },
    "validation": {
        "MAPE": 1.4532223609746158,
        "MAE": 2.105556803030205,
        "MSE": 35.43008607327148,
        "DA": 0.5028893587033122
    }
}