{
    "training": {
        "MAPE": 0.5320601728158187,
        "MAE": 0.36365893624215684,
        "MSE": 1.0760704937393546,
        "DA": 0.8639526121168574
    },
    "validation": {
        "MAPE": 3.831066434137946,
        "MAE": 7.39596755063043,
        "MSE": 498.85292452106785,
        "DA": 0.505708245243129
    }
}