{
    "training": {
        "MAPE": 2.0338888273518823,
        "MAE": 1.0428881970780275,
        "MSE": 5.184520244519521,
        "DA": 0.505494120327369
    },
    "validation": {
        "MAPE": 1.889899086632862,
        "MAE": 2.2886227109372763,
        "MSE": 38.617674810993364,
        "DA": 0.49654686398872444
    }
}