{
    "training": {
        "MAPE": 0.5152771580964726,
        "MAE": 0.32945833977296196,
        "MSE": 0.4421499566229726,
        "DA": 0.9056798864373213
    },
    "validation": {
        "MAPE": 0.6360638485746108,
        "MAE": 0.9689349718820685,
        "MSE": 20.324056592484215,
        "DA": 0.8638477801268498
    }
}