{
    "training": {
        "MAPE": 6.072763441345907,
        "MAE": 1.5631804576267128,
        "MSE": 4.170155602684139,
        "DA": 0.5084288604180714
    },
    "validation": {
        "MAPE": 11.22496566318278,
        "MAE": 3.9727511464193195,
        "MSE": 19.07271223372774,
        "DA": 0.5120481927710844
    }
}