{
    "training": {
        "MAPE": 0.0,
        "MAE": 0.0,
        "MSE": 0.0,
        "DA": 1.0
    },
    "validation": {
        "MAPE": 13.005159462038208,
        "MAE": 19.53602161913071,
        "MSE": 1591.7505091705896,
        "DA": 0.4714587737843552
    }
}