{
    "training": {
        "MAPE": 0.0,
        "MAE": 0.0,
        "MSE": 0.0,
        "DA": 1.0
    },
    "validation": {
        "MAPE": 44.617589344541116,
        "MAE": 76.64289008649943,
        "MSE": 27742.037495681543,
        "DA": 0.4708949964763919
    }
}