{
    "training": {
        "MAPE": 1.194695932869526,
        "MAE": 0.8797257316402276,
        "MSE": 4.339383077811974,
        "DA": 0.573123499412909
    },
    "validation": {
        "MAPE": 1.3427870133522113,
        "MAE": 1.8609329597567206,
        "MSE": 21.350382814879424,
        "DA": 0.5251585623678646
    }
}