{
    "training": {
        "MAPE": 11356.65632340326,
        "MAE": 2.2190273612543194,
        "MSE": 24.602196620066803,
        "DA": 0.5027318576632109
    },
    "validation": {
        "MAPE": 8261.01576818256,
        "MAE": 3.4166713843917993,
        "MSE": 77.2465429963335,
        "DA": 0.5123283833006445
    }
}