{
    "training": {
        "MAPE": 2.2213936962630125,
        "MAE": 1.3737447589555518,
        "MSE": 3.5017405643269823,
        "DA": 0.49022252191503707
    },
    "validation": {
        "MAPE": 2.6366016595433415,
        "MAE": 1.5838370235237529,
        "MSE": 3.816704489143049,
        "DA": 0.5240963855421686
    }
}