{
    "training": {
        "MAPE": 0.0,
        "MAE": 0.0,
        "MSE": 0.0,
        "DA": 1.0
    },
    "validation": {
        "MAPE": 4.43500871838551,
        "MAE": 7.901792894363507,
        "MSE": 883.1184943605618,
        "DA": 0.4897815362931642
    }
}