{
    "training": {
        "MAPE": 7.194995279724741,
        "MAE": 6.702377455575125,
        "MSE": 70.223129147383,
        "DA": 0.49022252191503707
    },
    "validation": {
        "MAPE": 8.096555011797072,
        "MAE": 9.21027472216212,
        "MSE": 116.07002809142202,
        "DA": 0.4759036144578313
    }
}