{
    "training": {
        "MAPE": 6.8376458042586865,
        "MAE": 1.1174194100948998,
        "MSE": 2.2934570095623106,
        "DA": 0.49629130141604855
    },
    "validation": {
        "MAPE": 4.375403282918197,
        "MAE": 1.8026925531261697,
        "MSE": 5.300472193545003,
        "DA": 0.5542168674698795
    }
}