{
    "training": {
        "MAPE": 8.100926625904355,
        "MAE": 3.3326122948422907,
        "MSE": 22.65539337320795,
        "DA": 0.5016857720836143
    },
    "validation": {
        "MAPE": 7.727817564390052,
        "MAE": 3.632533466087844,
        "MSE": 25.975283619553828,
        "DA": 0.46987951807228917
    }
}