{
    "training": {
        "MAPE": 1.784993043989995,
        "MAE": 0.9505541660728728,
        "MSE": 4.3710491316486,
        "DA": 0.5309580974746323
    },
    "validation": {
        "MAPE": 1.691766110533548,
        "MAE": 1.9660715854825943,
        "MSE": 25.119045892513157,
        "DA": 0.5285412262156448
    }
}