{
    "training": {
        "MAPE": 5.289784773563601,
        "MAE": 1.0594043765877776,
        "MSE": 1.780305208431223,
        "DA": 0.49763991908294
    },
    "validation": {
        "MAPE": 5.890449101659008,
        "MAE": 1.2071101630662018,
        "MSE": 2.3820836636049796,
        "DA": 0.4819277108433735
    }
}