{
    "training": {
        "MAPE": 1.761169225328578,
        "MAE": 1.1803352793978874,
        "MSE": 2.675663339052093,
        "DA": 0.5016857720836143
    },
    "validation": {
        "MAPE": 2.030676813246391,
        "MAE": 1.8851938286512913,
        "MSE": 6.375560455210157,
        "DA": 0.5060240963855421
    }
}