{
    "training": {
        "MAPE": 31.52051412227041,
        "MAE": 42.87124108635833,
        "MSE": 2909.5795827194993,
        "DA": 0.5144976399190829
    },
    "validation": {
        "MAPE": 18.06116115777722,
        "MAE": 33.11779798679009,
        "MSE": 1508.279434119671,
        "DA": 0.4578313253012048
    }
}