{
    "training": {
        "MAPE": 0.0,
        "MAE": 0.0,
        "MSE": 0.0,
        "DA": 1.0
    },
    "validation": {
        "MAPE": 7.139318976786865,
        "MAE": 12.497756870381231,
        "MSE": 1149.5206536890769,
        "DA": 0.4727272727272727
    }
}