{
    "training": {
        "MAPE": 2.2385449116967404,
        "MAE": 1.0564500533475216,
        "MSE": 4.797969720593938,
        "DA": 0.47913636283976807
    },
    "validation": {
        "MAPE": 2.086332417668896,
        "MAE": 2.7649151957726468,
        "MSE": 89.27493903413442,
        "DA": 0.4858350951374206
    }
}