{
    "training": {
        "MAPE": 10540.75374614025,
        "MAE": 2.5314619646957026,
        "MSE": 43.88592191011439,
        "DA": 0.5062167273746148
    },
    "validation": {
        "MAPE": 6664.354244678758,
        "MAE": 3.1949343438594027,
        "MSE": 72.06263397951949,
        "DA": 0.5154104791258055
    }
}