{
    "training": {
        "MAPE": 1.181801928959115,
        "MAE": 0.8766179172544795,
        "MSE": 4.296697348615929,
        "DA": 0.5465729657734705
    },
    "validation": {
        "MAPE": 1.2945177283191607,
        "MAE": 1.8242138012078815,
        "MSE": 20.9649597461838,
        "DA": 0.524031007751938
    }
}