{
    "training": {
        "MAPE": 0.5482019223701456,
        "MAE": 0.34708837032126055,
        "MSE": 0.46682575470476134,
        "DA": 0.9177021082700969
    },
    "validation": {
        "MAPE": 0.6162594128052782,
        "MAE": 0.957984195004061,
        "MSE": 26.308218187540895,
        "DA": 0.911768851303735
    }
}