{
    "training": {
        "MAPE": 6.682311612360239,
        "MAE": 6.631826006974172,
        "MSE": 78.11330870802857,
        "DA": 0.49763991908294
    },
    "validation": {
        "MAPE": 5.7544358107348845,
        "MAE": 10.736929080072278,
        "MSE": 166.38829992389023,
        "DA": 0.5301204819277109
    }
}