{
    "training": {
        "MAPE": 6.019017273916718,
        "MAE": 1.9082673283325051,
        "MSE": 12.136782207117877,
        "DA": 0.5061074989923066
    },
    "validation": {
        "MAPE": 4.858445822538842,
        "MAE": 5.556043865474274,
        "MSE": 496.28802350982147,
        "DA": 0.4980972515856237
    }
}