{
    "training": {
        "MAPE": 1.6277536957397056,
        "MAE": 1.1047234998045932,
        "MSE": 5.531314354857436,
        "DA": 0.5313611748830199
    },
    "validation": {
        "MAPE": 1.5109660270713177,
        "MAE": 2.17823532345917,
        "MSE": 30.542998254169063,
        "DA": 0.5138830162085977
    }
}