{
    "training": {
        "MAPE": 0.0,
        "MAE": 0.0,
        "MSE": 0.0,
        "DA": 1.0
    },
    "validation": {
        "MAPE": 44.27219931396804,
        "MAE": 76.14662707597955,
        "MSE": 27360.206118933886,
        "DA": 0.4703312191684285
    }
}