{
    "training": {
        "MAPE": 995.045696805236,
        "MAE": 0.9068276824274658,
        "MSE": 4.476594625851698,
        "DA": 0.5231507425049033
    },
    "validation": {
        "MAPE": 664.4114608866566,
        "MAE": 1.8328012813674066,
        "MSE": 20.749738077544944,
        "DA": 0.5242364808069488
    }
}