{
    "training": {
        "MAPE": 1609.1620411076633,
        "MAE": 0.6437151594994321,
        "MSE": 1.1491778103473522,
        "DA": 0.8447121820615796
    },
    "validation": {
        "MAPE": 358.7539215954837,
        "MAE": 4.031011820437767,
        "MSE": 26.590142614476683,
        "DA": 0.4819277108433735
    }
}