{
    "training": {
        "MAPE": 0.0,
        "MAE": 0.0,
        "MSE": 0.0,
        "DA": 1.0
    },
    "validation": {
        "MAPE": 27.37067976934295,
        "MAE": 45.0912284677717,
        "MSE": 9524.935376262025,
        "DA": 0.47159971811134604
    }
}