{
    "training": {
        "MAPE": 1.577454076517805,
        "MAE": 2.8651532696006754,
        "MSE": 14.084542985368634,
        "DA": 0.4983142279163857
    },
    "validation": {
        "MAPE": 2.1954097991723507,
        "MAE": 4.430868749561424,
        "MSE": 35.28575857165988,
        "DA": 0.5542168674698795
    }
}