{
    "training": {
        "MAPE": 17.258472824943237,
        "MAE": 4.552171029851564,
        "MSE": 39.51605826208504,
        "DA": 0.4942683749157114
    },
    "validation": {
        "MAPE": 5.035990971780288,
        "MAE": 9.800487775060231,
        "MSE": 163.5511856693296,
        "DA": 0.4819277108433735
    }
}