{
    "training": {
        "MAPE": 12264.05504441643,
        "MAE": 2.594951775558094,
        "MSE": 41.774850620276595,
        "DA": 0.50653194172037
    },
    "validation": {
        "MAPE": 6887.024842869651,
        "MAE": 2.9736540607009774,
        "MSE": 57.52757203451245,
        "DA": 0.5114878117119641
    }
}