{
    "training": {
        "MAPE": 1.1876561479241703,
        "MAE": 0.8902315066428738,
        "MSE": 4.396201632698111,
        "DA": 0.5387217188622702
    },
    "validation": {
        "MAPE": 1.3439883118059865,
        "MAE": 1.9786583952758134,
        "MSE": 25.804617600278917,
        "DA": 0.5158562367864694
    }
}