{
    "training": {
        "MAPE": 2.7056163109359983,
        "MAE": 1.248282873052861,
        "MSE": 6.407329191793366,
        "DA": 0.49072045705473094
    },
    "validation": {
        "MAPE": 2.122847922441266,
        "MAE": 2.5786893120256917,
        "MSE": 51.515848301666885,
        "DA": 0.49400986610288933
    }
}