{
    "training": {
        "MAPE": 1.2231861902861243,
        "MAE": 0.904708501531417,
        "MSE": 4.4857156869814245,
        "DA": 0.5168328630763569
    },
    "validation": {
        "MAPE": 1.358404386004775,
        "MAE": 2.0633692445872596,
        "MSE": 29.325310669333106,
        "DA": 0.5016208597603946
    }
}