{
    "training": {
        "MAPE": 0.0,
        "MAE": 0.0,
        "MSE": 0.0,
        "DA": 1.0
    },
    "validation": {
        "MAPE": 6.607609973134833,
        "MAE": 11.377706157632131,
        "MSE": 1117.9340817420364,
        "DA": 0.48315715292459466
    }
}