{
    "training": {
        "MAPE": 14.19977096369963,
        "MAE": 3.7331451851402657,
        "MSE": 23.253643481410197,
        "DA": 0.5131490222521915
    },
    "validation": {
        "MAPE": 59.835179843831675,
        "MAE": 8.276902028386466,
        "MSE": 78.72447708441746,
        "DA": 0.5120481927710844
    }
}