{
    "training": {
        "MAPE": 10829.441196148322,
        "MAE": 2.329122516696591,
        "MSE": 32.596342451008155,
        "DA": 0.5016110955449705
    },
    "validation": {
        "MAPE": 7164.82578482386,
        "MAE": 2.986265238582982,
        "MSE": 58.84874745597956,
        "DA": 0.5098066685346035
    }
}