{
    "training": {
        "MAPE": 0.7262558778235488,
        "MAE": 0.5087828034219304,
        "MSE": 2.0385202569366574,
        "DA": 0.8037889276388427
    },
    "validation": {
        "MAPE": 0.7637454318920246,
        "MAE": 1.0629029007284014,
        "MSE": 9.51008300134007,
        "DA": 0.8124031007751938
    }
}