{
    "training": {
        "MAPE": 1.178472455583496,
        "MAE": 0.8808841221794824,
        "MSE": 4.327300732975295,
        "DA": 0.53192197823382
    },
    "validation": {
        "MAPE": 1.3156847403105887,
        "MAE": 1.8984398042925217,
        "MSE": 22.687616807982963,
        "DA": 0.524031007751938
    }
}