{
    "training": {
        "MAPE": 4.763600911863302,
        "MAE": 1.9977510204734688,
        "MSE": 14.256194457801437,
        "DA": 0.49451928052815625
    },
    "validation": {
        "MAPE": 6.01716518253829,
        "MAE": 4.5952997465640655,
        "MSE": 107.50145161317008,
        "DA": 0.5106472401232838
    }
}