{
    "training": {
        "MAPE": 0.5543514958028759,
        "MAE": 0.40792982820353635,
        "MSE": 0.8022267927272931,
        "DA": 0.8494944007290445
    },
    "validation": {
        "MAPE": 0.5432344679055763,
        "MAE": 1.0479525333908513,
        "MSE": 14.842665480377942,
        "DA": 0.8715997181113462
    }
}