{
    "training": {
        "MAPE": 0.9766002683961477,
        "MAE": 0.6965494523108691,
        "MSE": 2.4892282766566525,
        "DA": 0.6878428348609383
    },
    "validation": {
        "MAPE": 2.782813877020988,
        "MAE": 5.633314059629733,
        "MSE": 375.94176492173517,
        "DA": 0.4995066948555322
    }
}