{
    "training": {
        "MAPE": 1.1712100596340584,
        "MAE": 0.8742893431616049,
        "MSE": 4.292343981680782,
        "DA": 0.5247542104064071
    },
    "validation": {
        "MAPE": 1.292927369802605,
        "MAE": 1.8388407050918631,
        "MSE": 21.452873329693,
        "DA": 0.5095137420718816
    }
}