{
    "training": {
        "MAPE": 4.596583974891562,
        "MAE": 1.29019563940701,
        "MSE": 5.3336097067277475,
        "DA": 0.5257531413750197
    },
    "validation": {
        "MAPE": 3.5559205988393363,
        "MAE": 2.8129384529386856,
        "MSE": 79.0969570172628,
        "DA": 0.5176885130373503
    }
}