{
    "training": {
        "MAPE": 5.509586176106494,
        "MAE": 1.6380240679145464,
        "MSE": 6.113021686149187,
        "DA": 0.531676626767845
    },
    "validation": {
        "MAPE": 4.289618945340043,
        "MAE": 2.523534730420656,
        "MSE": 26.26378436442815,
        "DA": 0.5282593375616632
    }
}