{
    "training": {
        "MAPE": 1195.8070804698639,
        "MAE": 1.2138714576979797,
        "MSE": 4.2682838952746565,
        "DA": 0.5615796519410977
    },
    "validation": {
        "MAPE": 115.90760533206985,
        "MAE": 2.8124679229690126,
        "MSE": 15.7917453084706,
        "DA": 0.5481927710843374
    }
}