{
    "training": {
        "MAPE": 0.0,
        "MAE": 0.0,
        "MSE": 0.0,
        "DA": 1.0
    },
    "validation": {
        "MAPE": 11.480870108637877,
        "MAE": 19.69281083700173,
        "MSE": 2375.3504867197953,
        "DA": 0.47512332628611686
    }
}