{
    "training": {
        "MAPE": 41.33678365099341,
        "MAE": 33.583104815603114,
        "MSE": 3821.284247968313,
        "DA": 0.4696202309808802
    },
    "validation": {
        "MAPE": 43.09737882868653,
        "MAE": 68.69413472087552,
        "MSE": 20090.257458020787,
        "DA": 0.4677942212825934
    }
}