{
    "training": {
        "MAPE": 0.0,
        "MAE": 0.0,
        "MSE": 0.0,
        "DA": 1.0
    },
    "validation": {
        "MAPE": 43.154951024159196,
        "MAE": 74.3002904714178,
        "MSE": 26565.448460119238,
        "DA": 0.4710359408033826
    }
}