{
    "training": {
        "MAPE": 2.012034658404377,
        "MAE": 0.9765469307814543,
        "MSE": 4.823204462817388,
        "DA": 0.5057219466886314
    },
    "validation": {
        "MAPE": 1.6066682455393344,
        "MAE": 2.301288400838007,
        "MSE": 51.833722249503246,
        "DA": 0.5033121916842846
    }
}