{
    "training": {
        "MAPE": 362.4658970746994,
        "MAE": 1.1672186849787436,
        "MSE": 2.7715826825720153,
        "DA": 0.5160642570281124
    },
    "validation": {
        "MAPE": 97.2759699121124,
        "MAE": 2.7935387207342712,
        "MSE": 15.454891136068344,
        "DA": 0.5421686746987951
    }
}