{
    "training": {
        "MAPE": 0.9792459054909781,
        "MAE": 0.6915115648555669,
        "MSE": 2.9559418736280767,
        "DA": 0.7129387848092393
    },
    "validation": {
        "MAPE": 1.637330847428233,
        "MAE": 2.640223350466117,
        "MSE": 58.76547800989813,
        "DA": 0.516983791402396
    }
}