{
    "training": {
        "MAPE": 2.714017800281945,
        "MAE": 1.2848521505597468,
        "MSE": 3.246229368805776,
        "DA": 0.4935940660822657
    },
    "validation": {
        "MAPE": 3.8010175758834635,
        "MAE": 3.859906004031976,
        "MSE": 32.64292281092408,
        "DA": 0.4819277108433735
    }
}