{
    "training": {
        "MAPE": 363.3409128877859,
        "MAE": 0.8055525720400132,
        "MSE": 1.745378318148537,
        "DA": 0.7576974564926372
    },
    "validation": {
        "MAPE": 646.0330189539518,
        "MAE": 4.1843818419666805,
        "MSE": 31.644012696646637,
        "DA": 0.5060240963855421
    }
}