{
    "training": {
        "MAPE": 0.728864805261777,
        "MAE": 0.5164428778468275,
        "MSE": 2.082243508172251,
        "DA": 0.8011251117225424
    },
    "validation": {
        "MAPE": 0.7834373550643465,
        "MAE": 1.1278668118097712,
        "MSE": 11.114179976144642,
        "DA": 0.8050739957716702
    }
}