{
    "training": {
        "MAPE": 1.006826924037314,
        "MAE": 0.7205706184975538,
        "MSE": 2.6948847296900897,
        "DA": 0.6759783389705752
    },
    "validation": {
        "MAPE": 3.292733598329324,
        "MAE": 7.30673878205728,
        "MSE": 731.0150664566349,
        "DA": 0.49288231148696265
    }
}