{
    "training": {
        "MAPE": 1633.0235506966758,
        "MAE": 0.454834872692752,
        "MSE": 0.6883699051984832,
        "DA": 0.8855421686746988
    },
    "validation": {
        "MAPE": 721.2588316425421,
        "MAE": 4.415624921961562,
        "MSE": 32.48008676290899,
        "DA": 0.4939759036144578
    }
}