{
    "training": {
        "MAPE": 0.6970425095398253,
        "MAE": 0.5068044248817014,
        "MSE": 1.0894004568651727,
        "DA": 0.86775555983947
    },
    "validation": {
        "MAPE": 1.1046044113392406,
        "MAE": 2.597679086339412,
        "MSE": 123.49346698176265,
        "DA": 0.8131078224101479
    }
}