{
    "training": {
        "MAPE": 11774.770198355436,
        "MAE": 2.5982652567646247,
        "MSE": 43.74416555358863,
        "DA": 0.503975203138134
    },
    "validation": {
        "MAPE": 7304.323408950565,
        "MAE": 3.1316726142439517,
        "MSE": 65.81511676198953,
        "DA": 0.5116279069767442
    }
}