{
    "training": {
        "MAPE": 3.6357060224466364,
        "MAE": 1.4490746962717471,
        "MSE": 5.627953832072414,
        "DA": 0.46970785650444263
    },
    "validation": {
        "MAPE": 2.925309770507566,
        "MAE": 2.5049061005768167,
        "MSE": 34.592535643907915,
        "DA": 0.46779422128259335
    }
}