{
    "training": {
        "MAPE": 5.217141735371619,
        "MAE": 1.404843193201132,
        "MSE": 6.40546942855602,
        "DA": 0.5245789593592822
    },
    "validation": {
        "MAPE": 3.8471055820027753,
        "MAE": 2.456650789221584,
        "MSE": 33.79661686276761,
        "DA": 0.5190979563072586
    }
}