{
    "training": {
        "MAPE": 1.1510060223147867,
        "MAE": 0.8003465421838099,
        "MSE": 3.595947611604866,
        "DA": 0.6520390459332993
    },
    "validation": {
        "MAPE": 1.525839427884464,
        "MAE": 2.6190841159195304,
        "MSE": 61.34379231301834,
        "DA": 0.5154334038054968
    }
}