{
    "training": {
        "MAPE": 1.01930243875752,
        "MAE": 0.730198634961684,
        "MSE": 3.1689264372898482,
        "DA": 0.6876851089185257
    },
    "validation": {
        "MAPE": 1.784434783501618,
        "MAE": 3.147177178118871,
        "MSE": 102.28487382547536,
        "DA": 0.5141649048625793
    }
}