{
    "training": {
        "MAPE": 3.7929929262946556,
        "MAE": 1.2244636997643155,
        "MSE": 6.643546633338924,
        "DA": 0.5192688526313944
    },
    "validation": {
        "MAPE": 2.833978255404373,
        "MAE": 3.3939482181831777,
        "MSE": 182.27387869067488,
        "DA": 0.5081042988019732
    }
}