{
    "training": {
        "MAPE": 0.0,
        "MAE": 0.0,
        "MSE": 0.0,
        "DA": 1.0
    },
    "validation": {
        "MAPE": 8.142290917289191,
        "MAE": 11.282500715555015,
        "MSE": 1290.4071806634138,
        "DA": 0.48907681465821
    }
}