{
    "training": {
        "MAPE": 0.8020714631379685,
        "MAE": 0.5506321047425572,
        "MSE": 1.597892876624382,
        "DA": 0.7649182453865162
    },
    "validation": {
        "MAPE": 4.608029445114849,
        "MAE": 8.137637960012304,
        "MSE": 582.4470340230829,
        "DA": 0.49499647639182515
    }
}