{
    "training": {
        "MAPE": 1.313184813898178,
        "MAE": 0.9470763318585929,
        "MSE": 4.749517893073907,
        "DA": 0.5158514572124568
    },
    "validation": {
        "MAPE": 1.53490927261484,
        "MAE": 2.770956894725471,
        "MSE": 77.95025443489244,
        "DA": 0.5106412966878083
    }
}