{
    "training": {
        "MAPE": 2.17280681264842,
        "MAE": 1.0458427809601771,
        "MSE": 4.69497578399546,
        "DA": 0.4759643188868054
    },
    "validation": {
        "MAPE": 1.9682476890642693,
        "MAE": 2.2329372954027895,
        "MSE": 36.37343122227755,
        "DA": 0.48033826638477795
    }
}