{
    "training": {
        "MAPE": 1.2013291712616316,
        "MAE": 0.8920610244377183,
        "MSE": 4.427315973188069,
        "DA": 0.48074867247331804
    },
    "validation": {
        "MAPE": 1.303538037770128,
        "MAE": 1.8616187450350696,
        "MSE": 22.011537595359144,
        "DA": 0.4793516560958422
    }
}