{
    "training": {
        "MAPE": 0.7480209978162411,
        "MAE": 0.5159914902213343,
        "MSE": 2.0466700987407607,
        "DA": 0.7995128020889926
    },
    "validation": {
        "MAPE": 0.780445765462088,
        "MAE": 1.1072598178194972,
        "MSE": 10.308454495515521,
        "DA": 0.8093023255813951
    }
}