{
    "training": {
        "MAPE": 0.0,
        "MAE": 0.0,
        "MSE": 0.0,
        "DA": 1.0
    },
    "validation": {
        "MAPE": 17.480277341654098,
        "MAE": 25.891670782415048,
        "MSE": 2446.5095034308288,
        "DA": 0.4697674418604651
    }
}