{
    "training": {
        "MAPE": 646.707644746754,
        "MAE": 1.2491682161507989,
        "MSE": 6.162190796070238,
        "DA": 0.5133868808567604
    },
    "validation": {
        "MAPE": 127.19832990920735,
        "MAE": 2.8393977447472922,
        "MSE": 15.977320593864963,
        "DA": 0.42168674698795183
    }
}