{
    "training": {
        "MAPE": 1.1992141177245812,
        "MAE": 0.8939127984114407,
        "MSE": 4.412746451841753,
        "DA": 0.5258758171080072
    },
    "validation": {
        "MAPE": 1.3291431185122726,
        "MAE": 1.9295018862863005,
        "MSE": 24.483794906657224,
        "DA": 0.5085271317829456
    }
}