{
    "training": {
        "MAPE": 47.90222469120804,
        "MAE": 43.51116711256069,
        "MSE": 7600.56096651858,
        "DA": 0.47305515150453015
    },
    "validation": {
        "MAPE": 71.9401694298526,
        "MAE": 120.59629115108525,
        "MSE": 64705.17135247077,
        "DA": 0.4692036645525018
    }
}