{
    "training": {
        "MAPE": 1.2027400274959918,
        "MAE": 0.8897407287119584,
        "MSE": 4.405000396637027,
        "DA": 0.5260335430504197
    },
    "validation": {
        "MAPE": 1.3554165672175515,
        "MAE": 2.082277411424538,
        "MSE": 30.661752359217008,
        "DA": 0.5086680761099366
    }
}