{
    "training": {
        "MAPE": 11580.287424955217,
        "MAE": 2.476786118045162,
        "MSE": 36.49267294561346,
        "DA": 0.5037475483328664
    },
    "validation": {
        "MAPE": 7392.057734413362,
        "MAE": 2.604912644573045,
        "MSE": 36.262305554082715,
        "DA": 0.5077052395629028
    }
}