{
    "training": {
        "MAPE": 1.0434917065695344,
        "MAE": 1.728168861277235,
        "MSE": 7.136184503052972,
        "DA": 0.5393350975272079
    },
    "validation": {
        "MAPE": 19.892408296666954,
        "MAE": 24.93471188899147,
        "MSE": 20231.67923015507,
        "DA": 0.5237491190979564
    }
}