{
    "training": {
        "MAPE": 2.152547632042489,
        "MAE": 1.5782714903900887,
        "MSE": 4.589699579597368,
        "DA": 0.4949426837491571
    },
    "validation": {
        "MAPE": 1.960458182787268,
        "MAE": 1.3850414052266562,
        "MSE": 3.126982963877455,
        "DA": 0.5
    }
}