{
    "training": {
        "MAPE": 11958.506510960382,
        "MAE": 2.639970991329144,
        "MSE": 46.76754902491791,
        "DA": 0.5052360605211543
    },
    "validation": {
        "MAPE": 7385.945243446723,
        "MAE": 3.4414946105885504,
        "MSE": 86.93153665258441,
        "DA": 0.5141496217427851
    }
}