{
    "training": {
        "MAPE": 1.399455069301515,
        "MAE": 1.9759805559019512,
        "MSE": 7.212962459495645,
        "DA": 0.4996628455832771
    },
    "validation": {
        "MAPE": 1.6435492633645057,
        "MAE": 3.5631083560418237,
        "MSE": 28.811838651504466,
        "DA": 0.5481927710843374
    }
}