{
    "training": {
        "MAPE": 0.292158958114539,
        "MAE": 0.1963122628444248,
        "MSE": 0.16000400549798674,
        "DA": 0.9442701670142479
    },
    "validation": {
        "MAPE": 0.5240310997247878,
        "MAE": 1.2110898704240232,
        "MSE": 44.58068054692403,
        "DA": 0.8985200845665963
    }
}