{
    "training": {
        "MAPE": 1.2347386954414294,
        "MAE": 0.9006370230184846,
        "MSE": 4.378288196867915,
        "DA": 0.5304498694379698
    },
    "validation": {
        "MAPE": 1.496592315901681,
        "MAE": 2.6558234902489066,
        "MSE": 65.91361960142983,
        "DA": 0.4976744186046512
    }
}