{
    "training": {
        "MAPE": 1.0805745058950262,
        "MAE": 1.7872889596044514,
        "MSE": 7.268050111859667,
        "DA": 0.5170256392281944
    },
    "validation": {
        "MAPE": 11.01966667860146,
        "MAE": 19.16192737914027,
        "MSE": 11707.69878249854,
        "DA": 0.5182522903453136
    }
}