{
    "training": {
        "MAPE": 1.0643189478096777,
        "MAE": 0.7765151794945769,
        "MSE": 2.816776009925305,
        "DA": 0.6206691084979233
    },
    "validation": {
        "MAPE": 1.2000503704630745,
        "MAE": 1.6983320573599416,
        "MSE": 18.051204325760104,
        "DA": 0.6039464411557435
    }
}