{
    "training": {
        "MAPE": 507.28359324014053,
        "MAE": 1.2506880306960215,
        "MSE": 6.42985755478909,
        "DA": 0.5327978580990629
    },
    "validation": {
        "MAPE": 121.74599950783596,
        "MAE": 2.8332031150669943,
        "MSE": 15.86351342779002,
        "DA": 0.45180722891566266
    }
}