{
    "training": {
        "MAPE": 1.1772915399291501,
        "MAE": 0.8782380902034024,
        "MSE": 4.329272432499694,
        "DA": 0.5338146895427701
    },
    "validation": {
        "MAPE": 1.309360039226179,
        "MAE": 1.8479205535325933,
        "MSE": 20.990047617725153,
        "DA": 0.525722339675828
    }
}