{
    "training": {
        "MAPE": 0.41523505421013723,
        "MAE": 0.23709710002087445,
        "MSE": 0.24038820857206397,
        "DA": 0.880636511803158
    },
    "validation": {
        "MAPE": 0.440424857479476,
        "MAE": 0.7646748129270715,
        "MSE": 19.146623793201027,
        "DA": 0.9058491895701196
    }
}