{
    "training": {
        "MAPE": 1.2364284013826135,
        "MAE": 0.857060938763849,
        "MSE": 3.974502803551069,
        "DA": 0.6067191251467728
    },
    "validation": {
        "MAPE": 1.643616948494894,
        "MAE": 3.027987965690421,
        "MSE": 90.79573385810207,
        "DA": 0.5020436927413672
    }
}