{
    "training": {
        "MAPE": 1.2553551196023462,
        "MAE": 0.9353935244730388,
        "MSE": 4.6416364283454685,
        "DA": 0.5281015054064948
    },
    "validation": {
        "MAPE": 1.492413147123635,
        "MAE": 2.719968186958595,
        "MSE": 79.10923083192704,
        "DA": 0.5212121212121211
    }
}