{
    "training": {
        "MAPE": 1.7158981196821255,
        "MAE": 0.9638151165763263,
        "MSE": 4.680525290688516,
        "DA": 0.48991430223795585
    },
    "validation": {
        "MAPE": 1.6677525622209137,
        "MAE": 2.080596588959243,
        "MSE": 30.049986451526618,
        "DA": 0.49499647639182526
    }
}