{
    "training": {
        "MAPE": 0.0,
        "MAE": 0.0,
        "MSE": 0.0,
        "DA": 1.0
    },
    "validation": {
        "MAPE": 19.14439645779493,
        "MAE": 29.032291213728637,
        "MSE": 3071.1608497303823,
        "DA": 0.47117688513037354
    }
}