{
    "training": {
        "MAPE": 0.4735876846654198,
        "MAE": 0.2664752633236277,
        "MSE": 0.36068194780513113,
        "DA": 0.8893464888452709
    },
    "validation": {
        "MAPE": 0.5080344416360674,
        "MAE": 0.7986894593421873,
        "MSE": 29.639134168720584,
        "DA": 0.8986610288935871
    }
}