{
    "training": {
        "MAPE": 0.0,
        "MAE": 0.0,
        "MSE": 0.0,
        "DA": 1.0
    },
    "validation": {
        "MAPE": 4.108404441821086,
        "MAE": 5.531615777362281,
        "MSE": 190.71741009135576,
        "DA": 0.4992248062015504
    }
}