{
    "training": {
        "MAPE": 1.31589772525945,
        "MAE": 2.2031108987813366,
        "MSE": 8.67060255337793,
        "DA": 0.49696561024949426
    },
    "validation": {
        "MAPE": 1.9548104141004508,
        "MAE": 2.564495078446622,
        "MSE": 11.893358993848892,
        "DA": 0.5180722891566265
    }
}