{
    "training": {
        "MAPE": 3.7861461512121477,
        "MAE": 1.499969313449977,
        "MSE": 6.1553330909457955,
        "DA": 0.47056658663535517
    },
    "validation": {
        "MAPE": 2.9503635854468335,
        "MAE": 2.5237526675632065,
        "MSE": 31.811890286203745,
        "DA": 0.4727272727272727
    }
}