{
    "training": {
        "MAPE": 4.898799965312988,
        "MAE": 1.6320819937863014,
        "MSE": 10.367528615152128,
        "DA": 0.5242916556332654
    },
    "validation": {
        "MAPE": 3.831258274148773,
        "MAE": 3.1326810840639827,
        "MSE": 71.60425936907548,
        "DA": 0.5120507399577167
    }
}