{
    "training": {
        "MAPE": 1.1824749769845675,
        "MAE": 0.8831155300818428,
        "MSE": 4.327418134655644,
        "DA": 0.5305725451709574
    },
    "validation": {
        "MAPE": 1.3028878590531674,
        "MAE": 1.872935795148037,
        "MSE": 22.394231097489183,
        "DA": 0.5271317829457365
    }
}