{
    "training": {
        "MAPE": 1.1889235335976487,
        "MAE": 0.8829919511463903,
        "MSE": 4.338062400954255,
        "DA": 0.53381468954277
    },
    "validation": {
        "MAPE": 1.2978614163865996,
        "MAE": 1.8656797206124605,
        "MSE": 22.43240346434172,
        "DA": 0.5312191684284708
    }
}