{
    "training": {
        "MAPE": 11775.005766797043,
        "MAE": 2.5875500423703564,
        "MSE": 43.36598574020007,
        "DA": 0.5038526197814513
    },
    "validation": {
        "MAPE": 7376.827542671887,
        "MAE": 3.0860895040468828,
        "MSE": 62.98389749241705,
        "DA": 0.5113477164471841
    }
}