{
    "training": {
        "MAPE": 1.8581167714168327,
        "MAE": 1.2842346279278427,
        "MSE": 8.1518855603757,
        "DA": 0.532798233469445
    },
    "validation": {
        "MAPE": 1.6276378986735518,
        "MAE": 2.21821882978612,
        "MSE": 30.118965448879617,
        "DA": 0.540521494009866
    }
}