{
    "training": {
        "MAPE": 3.110904681367211,
        "MAE": 1.2040099904085408,
        "MSE": 5.7086385033276414,
        "DA": 0.4742994339391177
    },
    "validation": {
        "MAPE": 2.5139237966673953,
        "MAE": 2.40780059858309,
        "MSE": 43.92205063112508,
        "DA": 0.4775193798449613
    }
}