{
    "training": {
        "MAPE": 1.1383285864824848,
        "MAE": 0.8383058990367356,
        "MSE": 3.974443333505526,
        "DA": 0.600147210879585
    },
    "validation": {
        "MAPE": 1.5306780756775533,
        "MAE": 2.755473702798943,
        "MSE": 78.21877173487366,
        "DA": 0.5037350246652573
    }
}