{
    "training": {
        "MAPE": 1858.806830222445,
        "MAE": 0.9526805609637823,
        "MSE": 4.743166926648582,
        "DA": 0.509754132810311
    },
    "validation": {
        "MAPE": 1192.924426962989,
        "MAE": 1.8730573294075585,
        "MSE": 21.793984988331005,
        "DA": 0.5070047632390025
    }
}