{
    "training": {
        "MAPE": 1303.6820137840464,
        "MAE": 0.6618949294373658,
        "MSE": 1.1640346809603421,
        "DA": 0.8493975903614458
    },
    "validation": {
        "MAPE": 411.6326681757419,
        "MAE": 4.2442571206515955,
        "MSE": 29.23195571412414,
        "DA": 0.4879518072289157
    }
}