{
    "training": {
        "MAPE": 0.46137483063781926,
        "MAE": 0.2525590848407515,
        "MSE": 0.3279048954549898,
        "DA": 0.9089921312279841
    },
    "validation": {
        "MAPE": 0.550657223232635,
        "MAE": 0.9415128410801089,
        "MSE": 205.78504126742635,
        "DA": 0.9334742776603242
    }
}