{
    "training": {
        "MAPE": 148.34888679652266,
        "MAE": 50.06544423253371,
        "MSE": 9224.730704946985,
        "DA": 0.5042323127880689
    },
    "validation": {
        "MAPE": 134.0799142668656,
        "MAE": 101.18093137586641,
        "MSE": 54683.89612120291,
        "DA": 0.49682875264270615
    }
}