{
    "training": {
        "MAPE": 0.0,
        "MAE": 0.0,
        "MSE": 0.0,
        "DA": 1.0
    },
    "validation": {
        "MAPE": 43.31838354627787,
        "MAE": 74.45200155102103,
        "MSE": 26930.104604831267,
        "DA": 0.47174066243833684
    }
}