{
    "training": {
        "MAPE": 1.361518161357605,
        "MAE": 0.9449814759839914,
        "MSE": 4.688974436763374,
        "DA": 0.509524894411244
    },
    "validation": {
        "MAPE": 1.4074214014215496,
        "MAE": 2.13230073323735,
        "MSE": 29.84852303380588,
        "DA": 0.47061310782241017
    }
}