{
    "training": {
        "MAPE": 11.759397421438727,
        "MAE": 2.4698616249177525,
        "MSE": 19.406526128056118,
        "DA": 0.5096300450395191
    },
    "validation": {
        "MAPE": 8.941115921357673,
        "MAE": 8.000120978041435,
        "MSE": 1480.4370868228368,
        "DA": 0.4997885835095138
    }
}