{
    "training": {
        "MAPE": 2.271452975407546,
        "MAE": 1.0183817515775881,
        "MSE": 4.598124879658843,
        "DA": 0.5328508087835824
    },
    "validation": {
        "MAPE": 1.9719192264522043,
        "MAE": 1.9527924004359951,
        "MSE": 22.1782851643548,
        "DA": 0.5254404510218466
    }
}