{
    "training": {
        "MAPE": 2.095792069469613,
        "MAE": 0.9642209395951017,
        "MSE": 1.7246400550443792,
        "DA": 0.5057316250842886
    },
    "validation": {
        "MAPE": 1.9797724784214477,
        "MAE": 1.3487834606056441,
        "MSE": 4.771435533006391,
        "DA": 0.536144578313253
    }
}