{
    "training": {
        "MAPE": 12388.818861068272,
        "MAE": 2.696183130997025,
        "MSE": 48.132576055965174,
        "DA": 0.5071273465956851
    },
    "validation": {
        "MAPE": 6975.629267794305,
        "MAE": 3.2010789991577044,
        "MSE": 72.71898757521812,
        "DA": 0.5119080975063043
    }
}