{
    "training": {
        "MAPE": 1037.849425160513,
        "MAE": 0.9107008170000809,
        "MSE": 4.5014401706636775,
        "DA": 0.516706360325021
    },
    "validation": {
        "MAPE": 597.510760355319,
        "MAE": 1.8378473321542204,
        "MSE": 21.042605137112382,
        "DA": 0.5159708601849257
    }
}