{
    "training": {
        "MAPE": 2.440401547661913,
        "MAE": 1.0472903051071387,
        "MSE": 4.543204484862139,
        "DA": 0.5317993025008324
    },
    "validation": {
        "MAPE": 2.2526449689993693,
        "MAE": 2.1486858959590793,
        "MSE": 30.933748074751836,
        "DA": 0.5255813953488372
    }
}