{
    "training": {
        "MAPE": 2203.1773724734603,
        "MAE": 0.847976034332707,
        "MSE": 1.7663416683595805,
        "DA": 0.7650602409638554
    },
    "validation": {
        "MAPE": 570.6072770179571,
        "MAE": 4.590220309471421,
        "MSE": 36.81912680391315,
        "DA": 0.4939759036144578
    }
}