{
    "training": {
        "MAPE": 11831.634488481046,
        "MAE": 2.5545868729385224,
        "MSE": 42.017647962900604,
        "DA": 0.5057439058559821
    },
    "validation": {
        "MAPE": 7148.265739374567,
        "MAE": 2.6630129894532115,
        "MSE": 36.810387873179074,
        "DA": 0.5061641916503223
    }
}