{
    "training": {
        "MAPE": 2.221850740106191,
        "MAE": 1.0783223443054775,
        "MSE": 4.839500237846061,
        "DA": 0.47263454899143015
    },
    "validation": {
        "MAPE": 2.0480039319309684,
        "MAE": 2.9652089909873913,
        "MSE": 120.35943938786282,
        "DA": 0.47625088090204365
    }
}