{
    "training": {
        "MAPE": 2.065725497463391,
        "MAE": 1.3723375569556602,
        "MSE": 8.474259461309552,
        "DA": 0.48686493401798075
    },
    "validation": {
        "MAPE": 2.1325363650325326,
        "MAE": 4.139278286148033,
        "MSE": 234.8423634515647,
        "DA": 0.48372093023255813
    }
}