{
    "training": {
        "MAPE": 3.1410055338033573,
        "MAE": 1.1816885209257244,
        "MSE": 4.977945715463503,
        "DA": 0.5339373652757575
    },
    "validation": {
        "MAPE": 2.6089207800759047,
        "MAE": 2.217955878528436,
        "MSE": 30.875651424012336,
        "DA": 0.526568005637773
    }
}