{
    "training": {
        "MAPE": 1.9385976216390215,
        "MAE": 1.3092485501193205,
        "MSE": 8.129769696675012,
        "DA": 0.5361981037836699
    },
    "validation": {
        "MAPE": 1.6230856418421515,
        "MAE": 2.2247884826654825,
        "MSE": 30.415703841496757,
        "DA": 0.5364341085271318
    }
}