{
    "training": {
        "MAPE": 1.0744936537529373,
        "MAE": 1.7674237519620146,
        "MSE": 7.293829174222606,
        "DA": 0.5287324091761448
    },
    "validation": {
        "MAPE": 6.219975902286849,
        "MAE": 14.221817507854801,
        "MSE": 6715.827435073869,
        "DA": 0.497815362931642
    }
}