{
    "training": {
        "MAPE": 0.5349920759203465,
        "MAE": 0.3563549643312392,
        "MSE": 1.1056957338458264,
        "DA": 0.8658277983210949
    },
    "validation": {
        "MAPE": 3.7403987138445576,
        "MAE": 6.60741646974085,
        "MSE": 423.05515419991815,
        "DA": 0.49908386187455955
    }
}