{
    "training": {
        "MAPE": 3.5179155807497224,
        "MAE": 2.696583713109924,
        "MSE": 12.871341012812561,
        "DA": 0.480782198246797
    },
    "validation": {
        "MAPE": 5.582993048792621,
        "MAE": 5.3495339070394365,
        "MSE": 39.221673598295396,
        "DA": 0.43373493975903615
    }
}