{
    "training": {
        "MAPE": 0.5432086485117302,
        "MAE": 0.36851475460634886,
        "MSE": 0.41327941556752135,
        "DA": 0.8855785913320834
    },
    "validation": {
        "MAPE": 0.657428254107533,
        "MAE": 1.2665187461371525,
        "MSE": 37.152444483726065,
        "DA": 0.8792107117688512
    }
}