{
    "training": {
        "MAPE": 4.029211251045448,
        "MAE": 1.416192314478584,
        "MSE": 5.826195232863454,
        "DA": 0.47125006571914274
    },
    "validation": {
        "MAPE": 3.111098296259014,
        "MAE": 2.306675773907122,
        "MSE": 25.983628152354648,
        "DA": 0.475968992248062
    }
}