{
    "training": {
        "MAPE": 8.850530813053057,
        "MAE": 2.155198657479932,
        "MSE": 14.824461656030316,
        "DA": 0.5186379488617445
    },
    "validation": {
        "MAPE": 6.568873883681532,
        "MAE": 5.463875879478509,
        "MSE": 449.59941814711397,
        "DA": 0.5137420718816067
    }
}