{
    "training": {
        "MAPE": 0.6185382341184167,
        "MAE": 0.4289298743199955,
        "MSE": 0.7897101988853971,
        "DA": 0.8992656981125462
    },
    "validation": {
        "MAPE": 0.9008485155330805,
        "MAE": 1.901938451603704,
        "MSE": 75.27636276441109,
        "DA": 0.874418604651163
    }
}