{
    "training": {
        "MAPE": 1.145122780788673,
        "MAE": 0.7866312010493154,
        "MSE": 3.605998640271774,
        "DA": 0.6649550481064126
    },
    "validation": {
        "MAPE": 1.7409989529762768,
        "MAE": 3.113961447719502,
        "MSE": 94.8194479897286,
        "DA": 0.4975334742776604
    }
}