{
    "training": {
        "MAPE": 0.0,
        "MAE": 0.0,
        "MSE": 0.0,
        "DA": 1.0
    },
    "validation": {
        "MAPE": 29.078024058235048,
        "MAE": 49.21369063448366,
        "MSE": 10976.512339280205,
        "DA": 0.4710359408033826
    }
}