{
    "training": {
        "MAPE": 0.0,
        "MAE": 0.0,
        "MSE": 0.0,
        "DA": 1.0
    },
    "validation": {
        "MAPE": 5.665046912675338,
        "MAE": 8.913056132416079,
        "MSE": 712.8287884782753,
        "DA": 0.49541930937279777
    }
}