{
    "training": {
        "MAPE": 0.5485783109280377,
        "MAE": 0.36758890138976086,
        "MSE": 0.5752494696649757,
        "DA": 0.8443945952577067
    },
    "validation": {
        "MAPE": 0.6401172758333901,
        "MAE": 1.2009162647218468,
        "MSE": 54.707913782861816,
        "DA": 0.8641296687808315
    }
}