{
    "training": {
        "MAPE": 1.1813076334462669,
        "MAE": 0.8808943806817031,
        "MSE": 4.34262040210125,
        "DA": 0.5229491246210196
    },
    "validation": {
        "MAPE": 1.3108117797328478,
        "MAE": 1.886955625637469,
        "MSE": 22.54205359997935,
        "DA": 0.529245947850599
    }
}