{
    "training": {
        "MAPE": 11800.759874628247,
        "MAE": 2.524004791855452,
        "MSE": 38.6968614746142,
        "DA": 0.50653194172037
    },
    "validation": {
        "MAPE": 6888.856646498739,
        "MAE": 2.9290223969370572,
        "MSE": 54.12655125065853,
        "DA": 0.5100868590641636
    }
}