{
    "training": {
        "MAPE": 12211.140546885697,
        "MAE": 2.685017806805238,
        "MSE": 47.10729397279819,
        "DA": 0.5090711683945084
    },
    "validation": {
        "MAPE": 6625.342575143502,
        "MAE": 3.0206121320396226,
        "MSE": 60.90948424048921,
        "DA": 0.5124684785654244
    }
}