{
    "training": {
        "MAPE": 147.23661443719323,
        "MAE": 49.204491378773405,
        "MSE": 9214.61508514581,
        "DA": 0.5018138483377438
    },
    "validation": {
        "MAPE": 154.0652451600836,
        "MAE": 97.6676599130927,
        "MSE": 52397.134810341115,
        "DA": 0.4988019732205779
    }
}