{
    "training": {
        "MAPE": 1.0277100749437371,
        "MAE": 0.7551625655210296,
        "MSE": 2.6679256217744496,
        "DA": 0.6310790206971487
    },
    "validation": {
        "MAPE": 1.1660661031034847,
        "MAE": 1.6699675373017007,
        "MSE": 18.270395408534817,
        "DA": 0.6083157152924595
    }
}