{
    "training": {
        "MAPE": 1.1905421748472125,
        "MAE": 0.8834882014859589,
        "MSE": 4.335430205584664,
        "DA": 0.5318694029196823
    },
    "validation": {
        "MAPE": 1.2976685282594935,
        "MAE": 1.8695628780248499,
        "MSE": 22.465937231441934,
        "DA": 0.5322057787174067
    }
}