{
    "training": {
        "MAPE": 1908.8990810864402,
        "MAE": 0.967459740792226,
        "MSE": 4.823086850474012,
        "DA": 0.5016461193611655
    },
    "validation": {
        "MAPE": 1253.9719178607595,
        "MAE": 1.8922812129326658,
        "MSE": 22.345516898777262,
        "DA": 0.5138694312132249
    }
}