{
    "training": {
        "MAPE": 1.2290214637400605,
        "MAE": 0.9076899445846857,
        "MSE": 4.554067558124781,
        "DA": 0.5151855032333819
    },
    "validation": {
        "MAPE": 1.3648705834207637,
        "MAE": 2.150156964349895,
        "MSE": 34.71464033536892,
        "DA": 0.5275546159267089
    }
}