{
    "training": {
        "MAPE": 5.138218580787603,
        "MAE": 1.7912208797660583,
        "MSE": 11.65031546154909,
        "DA": 0.5260050779607159
    },
    "validation": {
        "MAPE": 4.334317138378297,
        "MAE": 3.4783269462187305,
        "MSE": 82.04161500565519,
        "DA": 0.5120507399577167
    }
}