{
    "training": {
        "MAPE": 1.1928743291981687,
        "MAE": 0.886773432954816,
        "MSE": 4.3964640763890195,
        "DA": 0.4855155009551182
    },
    "validation": {
        "MAPE": 1.3112680476805976,
        "MAE": 1.8923285754477164,
        "MSE": 22.6528206001967,
        "DA": 0.4909090909090909
    }
}