{
    "training": {
        "MAPE": 1.0272536537070998,
        "MAE": 0.7551058573035941,
        "MSE": 2.63790980851731,
        "DA": 0.6324459788647236
    },
    "validation": {
        "MAPE": 1.1684773780686786,
        "MAE": 1.701385261134028,
        "MSE": 20.170686489701723,
        "DA": 0.6162085976039464
    }
}