{
    "training": {
        "MAPE": 2.1654418812981255,
        "MAE": 1.9810334680151105,
        "MSE": 8.062061152764922,
        "DA": 0.4989885367498314
    },
    "validation": {
        "MAPE": 1.8883931503040747,
        "MAE": 2.35053937900566,
        "MSE": 8.990908004287288,
        "DA": 0.5180722891566265
    }
}