{
    "training": {
        "MAPE": 1.1942821433381725,
        "MAE": 0.8890688596192813,
        "MSE": 4.387442883657226,
        "DA": 0.5314488004065824
    },
    "validation": {
        "MAPE": 1.3380109147610728,
        "MAE": 2.0945303265672353,
        "MSE": 32.728016320867326,
        "DA": 0.5281183932346722
    }
}