{
    "training": {
        "MAPE": 1.8967947288518237,
        "MAE": 0.961447781637524,
        "MSE": 4.385706778648134,
        "DA": 0.5313611748830199
    },
    "validation": {
        "MAPE": 1.7668545545015124,
        "MAE": 1.9887030453012584,
        "MSE": 25.84051218765615,
        "DA": 0.5279774489076815
    }
}