{
    "training": {
        "MAPE": 1.1876979177936315,
        "MAE": 1.3538229063707545,
        "MSE": 3.320532667788152,
        "DA": 0.4996628455832771
    },
    "validation": {
        "MAPE": 1.3152328117194148,
        "MAE": 2.285999065102218,
        "MSE": 8.624791903939526,
        "DA": 0.4578313253012048
    }
}