{
    "training": {
        "MAPE": 1.211781935240416,
        "MAE": 0.901997817572792,
        "MSE": 4.452601872790503,
        "DA": 0.5380207146737702
    },
    "validation": {
        "MAPE": 1.4143271953834695,
        "MAE": 2.248956014611002,
        "MSE": 38.02609422490302,
        "DA": 0.5105003523608175
    }
}