{
    "training": {
        "MAPE": 0.2985144806502922,
        "MAE": 0.19218993172245757,
        "MSE": 0.1784806868827519,
        "DA": 0.9215926815162722
    },
    "validation": {
        "MAPE": 0.6560485757497865,
        "MAE": 1.1632620694644662,
        "MSE": 248.31833255507678,
        "DA": 0.9090909090909092
    }
}