{
    "training": {
        "MAPE": 1.1939560455510727,
        "MAE": 0.8921361791060466,
        "MSE": 4.411269288462508,
        "DA": 0.5242284572650322
    },
    "validation": {
        "MAPE": 1.329889690757868,
        "MAE": 1.9785960431044176,
        "MSE": 27.20849041234865,
        "DA": 0.509090909090909
    }
}