{
    "training": {
        "MAPE": 1.6570705524441989,
        "MAE": 0.9544688114667944,
        "MSE": 4.7632238118764665,
        "DA": 0.49543471022239377
    },
    "validation": {
        "MAPE": 1.5146165732971786,
        "MAE": 2.0715242913057237,
        "MSE": 31.409418900186846,
        "DA": 0.4868217054263565
    }
}