{
    "training": {
        "MAPE": 0.0,
        "MAE": 0.0,
        "MSE": 0.0,
        "DA": 1.0
    },
    "validation": {
        "MAPE": 5.889036126571921,
        "MAE": 10.79573473092245,
        "MSE": 1306.0589067648668,
        "DA": 0.4902043692741367
    }
}