{
    "training": {
        "MAPE": 950.0678522671004,
        "MAE": 0.9068286446431892,
        "MSE": 4.454824899979483,
        "DA": 0.5147275147100029
    },
    "validation": {
        "MAPE": 934.0383030674916,
        "MAE": 1.881198148736135,
        "MSE": 21.956221116468782,
        "DA": 0.4920145699075371
    }
}