{
    "training": {
        "MAPE": 0.0,
        "MAE": 0.0,
        "MSE": 0.0,
        "DA": 1.0
    },
    "validation": {
        "MAPE": 28.51435681863385,
        "MAE": 49.0165324717463,
        "MSE": 11333.583108377621,
        "DA": 0.4707540521494011
    }
}