{
    "training": {
        "MAPE": 0.0,
        "MAE": 0.0,
        "MSE": 0.0,
        "DA": 1.0
    },
    "validation": {
        "MAPE": 4.021922943965814,
        "MAE": 3.2590943586967467,
        "MSE": 105.99993033420513,
        "DA": 0.5171247357293869
    }
}