{
    "training": {
        "MAPE": 1.4360849877022948,
        "MAE": 2.4164896446289723,
        "MSE": 10.769274800433937,
        "DA": 0.4787592717464599
    },
    "validation": {
        "MAPE": 2.5649301802015025,
        "MAE": 3.3323692842586303,
        "MSE": 22.002496038014407,
        "DA": 0.536144578313253
    }
}