{
    "training": {
        "MAPE": 149.49779556750883,
        "MAE": 50.52535733855351,
        "MSE": 9376.793496899722,
        "DA": 0.5035838839137063
    },
    "validation": {
        "MAPE": 129.6202335403271,
        "MAE": 102.1107288012153,
        "MSE": 55254.1694633088,
        "DA": 0.4952783650458069
    }
}