{
    "training": {
        "MAPE": 12007.509572290255,
        "MAE": 2.6337847036549253,
        "MSE": 43.55303069406758,
        "DA": 0.5054111796021294
    },
    "validation": {
        "MAPE": 6936.9414681797,
        "MAE": 2.962995088222679,
        "MSE": 55.53925065899199,
        "DA": 0.5096665732698235
    }
}