{
    "training": {
        "MAPE": 2.693850758218323,
        "MAE": 1.1766045333761135,
        "MSE": 4.909325497368718,
        "DA": 0.4694449799337551
    },
    "validation": {
        "MAPE": 2.284418689741124,
        "MAE": 2.176818556957266,
        "MSE": 26.843913281533244,
        "DA": 0.4666666666666667
    }
}