{
    "training": {
        "MAPE": 983.3118462311066,
        "MAE": 1.2623967242107121,
        "MSE": 6.191669573047406,
        "DA": 0.5180722891566265
    },
    "validation": {
        "MAPE": 113.7121740298299,
        "MAE": 2.799084478615913,
        "MSE": 15.953734781130754,
        "DA": 0.5602409638554217
    }
}