{
    "training": {
        "MAPE": 8.365325334370812,
        "MAE": 3.8667651335055617,
        "MSE": 22.88225360157617,
        "DA": 0.5043830074173972
    },
    "validation": {
        "MAPE": 7.468681311759216,
        "MAE": 8.097820083709534,
        "MSE": 92.00392210046549,
        "DA": 0.5
    }
}