{
    "training": {
        "MAPE": 3.088140823092293,
        "MAE": 1.138336891938814,
        "MSE": 5.821012426061398,
        "DA": 0.5099980722384816
    },
    "validation": {
        "MAPE": 2.5798859177123044,
        "MAE": 3.851324580025024,
        "MSE": 285.2031812400069,
        "DA": 0.4989429175475687
    }
}