{
    "training": {
        "MAPE": 1.8379587010220233,
        "MAE": 0.9800680049766208,
        "MSE": 4.457456706706856,
        "DA": 0.4702511347505302
    },
    "validation": {
        "MAPE": 1.808465176002225,
        "MAE": 2.033504666415006,
        "MSE": 26.449052389150673,
        "DA": 0.4631430584918955
    }
}