{
    "training": {
        "MAPE": 2.801122214536831,
        "MAE": 1.1288454937398107,
        "MSE": 4.858050238838195,
        "DA": 0.4769106745412804
    },
    "validation": {
        "MAPE": 2.400033690893819,
        "MAE": 2.8886669472139666,
        "MSE": 106.11146812810411,
        "DA": 0.4761099365750528
    }
}