{
    "training": {
        "MAPE": 1.1792682339919447,
        "MAE": 0.8787359204906715,
        "MSE": 4.306751891030815,
        "DA": 0.5319395033385326
    },
    "validation": {
        "MAPE": 1.3038096524513088,
        "MAE": 1.8609825982096233,
        "MSE": 22.67687289669132,
        "DA": 0.5105003523608175
    }
}