{
    "training": {
        "MAPE": 0.975253249564513,
        "MAE": 0.6963060423406976,
        "MSE": 3.001532307814581,
        "DA": 0.7045968349660888
    },
    "validation": {
        "MAPE": 1.8617618866443937,
        "MAE": 3.219216336847255,
        "MSE": 102.79366700640583,
        "DA": 0.5030303030303032
    }
}