{
    "training": {
        "MAPE": 1.1772044974522284,
        "MAE": 0.8762160416598345,
        "MSE": 4.327218461383152,
        "DA": 0.508403287709644
    },
    "validation": {
        "MAPE": 1.3330861376834668,
        "MAE": 2.003803133871017,
        "MSE": 27.860924698313493,
        "DA": 0.5061310782241015
    }
}