{
    "training": {
        "MAPE": 2.362128035468465,
        "MAE": 1.0626307360288074,
        "MSE": 4.681077256523854,
        "DA": 0.5318694029196824
    },
    "validation": {
        "MAPE": 2.0232990436829583,
        "MAE": 2.1169970240677127,
        "MSE": 31.18074412703832,
        "DA": 0.5241719520789287
    }
}