{
    "training": {
        "MAPE": 1188.0385920283281,
        "MAE": 0.46382609572959144,
        "MSE": 0.710089832679682,
        "DA": 0.8821954484605087
    },
    "validation": {
        "MAPE": 663.0981762967248,
        "MAE": 4.44341978239075,
        "MSE": 32.73885785082651,
        "DA": 0.4879518072289157
    }
}