{
    "training": {
        "MAPE": 1.2047448450766218,
        "MAE": 0.8961299637423473,
        "MSE": 4.403214838977627,
        "DA": 0.53199207865267
    },
    "validation": {
        "MAPE": 1.3450678418139133,
        "MAE": 1.9782040118529853,
        "MSE": 25.426060472567862,
        "DA": 0.5048625792811839
    }
}