{
    "training": {
        "MAPE": 12598.267995822782,
        "MAE": 2.5474608389000255,
        "MSE": 36.147966281764454,
        "DA": 0.5141145979265901
    },
    "validation": {
        "MAPE": 6552.237502652583,
        "MAE": 2.9402465691000996,
        "MSE": 55.93896093102792,
        "DA": 0.5095264780050435
    }
}