{
    "training": {
        "MAPE": 1974.4010818715883,
        "MAE": 0.9740337162088551,
        "MSE": 4.982763828535494,
        "DA": 0.5085282992434855
    },
    "validation": {
        "MAPE": 1164.0973966963538,
        "MAE": 1.895564333299623,
        "MSE": 22.64897712036611,
        "DA": 0.508545811151583
    }
}