{
    "training": {
        "MAPE": 1.1890124095309405,
        "MAE": 0.8888843637553707,
        "MSE": 4.42174033118025,
        "DA": 0.48991430223795585
    },
    "validation": {
        "MAPE": 1.4360288645682255,
        "MAE": 2.457080948965396,
        "MSE": 53.22144013951513,
        "DA": 0.4837209302325581
    }
}