{
    "training": {
        "MAPE": 5.367096013979459,
        "MAE": 2.0096375348425,
        "MSE": 18.240408902368657,
        "DA": 0.5025674278403813
    },
    "validation": {
        "MAPE": 4.615449136559048,
        "MAE": 8.488128731252766,
        "MSE": 1775.8275412192781,
        "DA": 0.49415081042988024
    }
}