{
    "training": {
        "MAPE": 165.5789316165615,
        "MAE": 6.155606906573887,
        "MSE": 69.9778163103243,
        "DA": 0.4915711395819285
    },
    "validation": {
        "MAPE": 77.57107619105793,
        "MAE": 4.849344539169422,
        "MSE": 38.861168050457714,
        "DA": 0.4939759036144578
    }
}