{
    "training": {
        "MAPE": 2.621932427937102,
        "MAE": 2.619099251472082,
        "MSE": 12.543018326866159,
        "DA": 0.48887390424814564
    },
    "validation": {
        "MAPE": 2.4453800162016837,
        "MAE": 4.508863868941805,
        "MSE": 35.81369971937524,
        "DA": 0.5240963855421686
    }
}