{
    "training": {
        "MAPE": 1.1858058132160363,
        "MAE": 0.8810321934850619,
        "MSE": 4.345254213654155,
        "DA": 0.5387918192811203
    },
    "validation": {
        "MAPE": 1.2947503663780517,
        "MAE": 1.8251231345010765,
        "MSE": 21.028477304256306,
        "DA": 0.5319238900634249
    }
}