{
    "training": {
        "MAPE": 2.328418052484645,
        "MAE": 4.034367844615021,
        "MSE": 30.32321511964218,
        "DA": 0.5151719487525287
    },
    "validation": {
        "MAPE": 2.531725854748915,
        "MAE": 4.940140724410554,
        "MSE": 37.03788192405764,
        "DA": 0.5060240963855421
    }
}