{
    "training": {
        "MAPE": 2.3080008721383756,
        "MAE": 1.0842386844563128,
        "MSE": 5.544193285427231,
        "DA": 0.5287148840714323
    },
    "validation": {
        "MAPE": 1.8991440047311476,
        "MAE": 2.101338545877281,
        "MSE": 27.38881712505704,
        "DA": 0.5237491190979563
    }
}