{
    "training": {
        "MAPE": 14211.156776127385,
        "MAE": 3.091678687586797,
        "MSE": 71.15219129629735,
        "DA": 0.515287895769123
    },
    "validation": {
        "MAPE": 6591.375483763407,
        "MAE": 3.573543895789592,
        "MSE": 95.83006368608295,
        "DA": 0.5145699075371253
    }
}