{
    "training": {
        "MAPE": 36.755453296271305,
        "MAE": 33.4281832857817,
        "MSE": 4377.638464854952,
        "DA": 0.47175829375580525
    },
    "validation": {
        "MAPE": 52.249954425389966,
        "MAE": 86.74050674770886,
        "MSE": 33061.44020036472,
        "DA": 0.4689217758985202
    }
}