{
    "training": {
        "MAPE": 1734.763708159768,
        "MAE": 0.9544862839236942,
        "MSE": 4.75533720718457,
        "DA": 0.5075301204819277
    },
    "validation": {
        "MAPE": 1095.4436422367794,
        "MAE": 1.8805084632709343,
        "MSE": 22.10164002386089,
        "DA": 0.508545811151583
    }
}