{
    "training": {
        "MAPE": 148.5926741835476,
        "MAE": 48.997713157054434,
        "MSE": 9172.710991795386,
        "DA": 0.5023571265838314
    },
    "validation": {
        "MAPE": 166.7725113636646,
        "MAE": 97.96269026686012,
        "MSE": 51651.57149445196,
        "DA": 0.5016208597603946
    }
}