{
    "training": {
        "MAPE": 1.1831766222032352,
        "MAE": 0.8802500672682255,
        "MSE": 4.341781383619201,
        "DA": 0.5297839154588949
    },
    "validation": {
        "MAPE": 1.292770892844066,
        "MAE": 1.8260767737127024,
        "MSE": 21.00844137987702,
        "DA": 0.5243128964059196
    }
}