{
    "training": {
        "MAPE": 139.81266880738048,
        "MAE": 47.333798870387255,
        "MSE": 9193.226650910245,
        "DA": 0.5012004696728064
    },
    "validation": {
        "MAPE": 155.1158855669688,
        "MAE": 100.7091520890364,
        "MSE": 52926.3559576049,
        "DA": 0.4988019732205779
    }
}