{
    "training": {
        "MAPE": 0.0,
        "MAE": 0.0,
        "MSE": 0.0,
        "DA": 1.0
    },
    "validation": {
        "MAPE": 30.37289547805695,
        "MAE": 52.028087628840915,
        "MSE": 12605.241696207251,
        "DA": 0.4707540521494011
    }
}