{
    "training": {
        "MAPE": 37.93600554098821,
        "MAE": 34.0962524037309,
        "MSE": 4452.531906985443,
        "DA": 0.4693047790960551
    },
    "validation": {
        "MAPE": 53.710313583829304,
        "MAE": 89.06335946149002,
        "MSE": 35190.47850312623,
        "DA": 0.4677942212825934
    }
}