{
    "training": {
        "MAPE": 0.0,
        "MAE": 0.0,
        "MSE": 0.0,
        "DA": 1.0
    },
    "validation": {
        "MAPE": 44.664998691074146,
        "MAE": 76.7585372113967,
        "MSE": 27768.97612514422,
        "DA": 0.4704721634954193
    }
}