{
    "training": {
        "MAPE": 39.992027536969935,
        "MAE": 35.15333900810383,
        "MSE": 4758.33228296193,
        "DA": 0.4701284590175425
    },
    "validation": {
        "MAPE": 55.42421575405415,
        "MAE": 93.0968083746275,
        "MSE": 38830.07205810987,
        "DA": 0.469062720225511
    }
}