{
    "training": {
        "MAPE": 0.0,
        "MAE": 0.0,
        "MSE": 0.0,
        "DA": 1.0
    },
    "validation": {
        "MAPE": 6.924531249240894,
        "MAE": 11.704963088721295,
        "MSE": 1043.7432687356068,
        "DA": 0.4903453136011275
    }
}