{
    "training": {
        "MAPE": 138.56810013768643,
        "MAE": 48.618320535117746,
        "MSE": 9212.834641654403,
        "DA": 0.5014107709293563
    },
    "validation": {
        "MAPE": 153.51796058188455,
        "MAE": 97.61632956832155,
        "MSE": 52458.81513918019,
        "DA": 0.4976744186046512
    }
}