{
    "training": {
        "MAPE": 0.0,
        "MAE": 0.0,
        "MSE": 0.0,
        "DA": 1.0
    },
    "validation": {
        "MAPE": 14.173102091369147,
        "MAE": 23.959985430848896,
        "MSE": 3257.818408445573,
        "DA": 0.47117688513037354
    }
}