{
    "training": {
        "MAPE": 3.2052996000258043,
        "MAE": 1.45128966056433,
        "MSE": 3.6435854749235754,
        "DA": 0.5030343897505057
    },
    "validation": {
        "MAPE": 2.8550453633831427,
        "MAE": 3.0310539072002487,
        "MSE": 15.306372133442137,
        "DA": 0.4578313253012048
    }
}