{
    "training": {
        "MAPE": 1.8680142486894475,
        "MAE": 0.9770943277155728,
        "MSE": 4.558668233828793,
        "DA": 0.4796796410858555
    },
    "validation": {
        "MAPE": 1.7919007901899857,
        "MAE": 2.038822430906325,
        "MSE": 27.144154394373746,
        "DA": 0.4845665961945031
    }
}