{
    "training": {
        "MAPE": 1.9287287089756058,
        "MAE": 0.959162896514444,
        "MSE": 4.145360320881224,
        "DA": 0.5319044531291074
    },
    "validation": {
        "MAPE": 2.03001315186032,
        "MAE": 7.619290963926045,
        "MSE": 2113.784264518418,
        "DA": 0.5196617336152219
    }
}