{
    "training": {
        "MAPE": 1.7602299327473807,
        "MAE": 0.9714664323207093,
        "MSE": 4.715856556223689,
        "DA": 0.4830094109812306
    },
    "validation": {
        "MAPE": 1.658417568129221,
        "MAE": 2.0279028415519598,
        "MSE": 27.283270448840593,
        "DA": 0.48907681465820996
    }
}