{
    "training": {
        "MAPE": 1.29981677281295,
        "MAE": 0.9416592327877564,
        "MSE": 4.677627200554525,
        "DA": 0.5133278421338567
    },
    "validation": {
        "MAPE": 1.4272578016595727,
        "MAE": 2.393945010582853,
        "MSE": 50.63955442670776,
        "DA": 0.523185341789993
    }
}