{
    "training": {
        "MAPE": 1.0867248187914604,
        "MAE": 1.7869631502736734,
        "MSE": 7.248682335739596,
        "DA": 0.5187430994900195
    },
    "validation": {
        "MAPE": 28.153013950613364,
        "MAE": 27.945225567543797,
        "MSE": 23330.77419151699,
        "DA": 0.5175475687103593
    }
}