{
    "training": {
        "MAPE": 0.0,
        "MAE": 0.0,
        "MSE": 0.0,
        "DA": 1.0
    },
    "validation": {
        "MAPE": 21.46003520376938,
        "MAE": 34.8155173657961,
        "MSE": 5059.606353812534,
        "DA": 0.47159971811134604
    }
}