{
    "training": {
        "MAPE": 19.182437486590203,
        "MAE": 0.7441946322569306,
        "MSE": 0.9824244596647493,
        "DA": 0.49696561024949426
    },
    "validation": {
        "MAPE": 20.567011952043593,
        "MAE": 1.3178066518635092,
        "MSE": 2.28884103374709,
        "DA": 0.5481927710843374
    }
}