{
    "training": {
        "MAPE": 11678.633338078114,
        "MAE": 2.5754550588484144,
        "MSE": 42.7256792810331,
        "DA": 0.504290417483889
    },
    "validation": {
        "MAPE": 7415.290781240209,
        "MAE": 3.009067988247412,
        "MSE": 58.35410803228299,
        "DA": 0.5119080975063043
    }
}