{
    "training": {
        "MAPE": 1.1932420055351454,
        "MAE": 0.8873467589806663,
        "MSE": 4.40264501436778,
        "DA": 0.4869525595415433
    },
    "validation": {
        "MAPE": 1.3134881908246876,
        "MAE": 1.8930812591329365,
        "MSE": 22.665902628478708,
        "DA": 0.4835799859055673
    }
}