{
    "training": {
        "MAPE": 1.2357880202283253,
        "MAE": 0.9149265630327377,
        "MSE": 4.52559544242646,
        "DA": 0.5253325388619197
    },
    "validation": {
        "MAPE": 1.3745251197721715,
        "MAE": 2.003875819768984,
        "MSE": 25.107381026040606,
        "DA": 0.5055673009161382
    }
}