{
    "training": {
        "MAPE": 1.1921172967611253,
        "MAE": 0.882622874415315,
        "MSE": 4.328150704982682,
        "DA": 0.5377578381030826
    },
    "validation": {
        "MAPE": 1.3632016949593977,
        "MAE": 2.18463392690438,
        "MSE": 38.557116024965374,
        "DA": 0.5195207892882311
    }
}