{
    "training": {
        "MAPE": 0.7323010233358505,
        "MAE": 0.5189317931988453,
        "MSE": 2.0934866367379437,
        "DA": 0.8001261807539299
    },
    "validation": {
        "MAPE": 0.778613381130955,
        "MAE": 1.0795291928491475,
        "MSE": 9.764415247953139,
        "DA": 0.8060606060606059
    }
}