{
    "training": {
        "MAPE": 369.75030055701745,
        "MAE": 1.167361542875,
        "MSE": 2.7718415246287527,
        "DA": 0.5160642570281124
    },
    "validation": {
        "MAPE": 97.22266182301819,
        "MAE": 2.7935350657909113,
        "MSE": 15.454693141654515,
        "DA": 0.536144578313253
    }
}