{
    "training": {
        "MAPE": 4.657263428327073,
        "MAE": 1.2610724253538803,
        "MSE": 2.6220876764433316,
        "DA": 0.4861766689143628
    },
    "validation": {
        "MAPE": 11.902574818753976,
        "MAE": 5.524847770279753,
        "MSE": 37.911679553019496,
        "DA": 0.572289156626506
    }
}