{
    "training": {
        "MAPE": 0.0,
        "MAE": 0.0,
        "MSE": 0.0,
        "DA": 1.0
    },
    "validation": {
        "MAPE": 22.40836472483801,
        "MAE": 36.02821197557857,
        "MSE": 5407.077001306092,
        "DA": 0.47033121916842846
    }
}