{
    "training": {
        "MAPE": 3.0628142222115895,
        "MAE": 1.164926951581789,
        "MSE": 4.769968928223236,
        "DA": 0.5313611748830199
    },
    "validation": {
        "MAPE": 2.494028546581322,
        "MAE": 2.1254257764212388,
        "MSE": 25.863345252519665,
        "DA": 0.5284002818886541
    }
}