{
    "training": {
        "MAPE": 11796.215576242827,
        "MAE": 2.5815110130141163,
        "MSE": 43.046985031122006,
        "DA": 0.5047982628187168
    },
    "validation": {
        "MAPE": 7301.276435887611,
        "MAE": 3.366290238619729,
        "MSE": 82.27583468660427,
        "DA": 0.5142897170075651
    }
}