{
    "training": {
        "MAPE": 545.8949422512004,
        "MAE": 0.8651168820416485,
        "MSE": 4.285236012126322,
        "DA": 0.5419410198935275
    },
    "validation": {
        "MAPE": 1353.1828940190135,
        "MAE": 1.925679431113904,
        "MSE": 23.926455383199414,
        "DA": 0.5051835247968618
    }
}