{
    "training": {
        "MAPE": 0.0,
        "MAE": 0.0,
        "MSE": 0.0,
        "DA": 1.0
    },
    "validation": {
        "MAPE": 4.992855886510882,
        "MAE": 8.260267118214834,
        "MSE": 528.1635331225206,
        "DA": 0.4920366455250176
    }
}