{
    "training": {
        "MAPE": 2.969533026344808,
        "MAE": 1.229015814587954,
        "MSE": 5.025487457873532,
        "DA": 0.47302010129510513
    },
    "validation": {
        "MAPE": 2.6432196573881583,
        "MAE": 2.465707155781722,
        "MSE": 42.17380237821934,
        "DA": 0.4714587737843552
    }
}