{
    "training": {
        "MAPE": 1.2305626848292837,
        "MAE": 0.8956896515559268,
        "MSE": 4.382231270845104,
        "DA": 0.53283328367887
    },
    "validation": {
        "MAPE": 1.2971941091245136,
        "MAE": 1.82940632746513,
        "MSE": 20.986652732061426,
        "DA": 0.5288231148696265
    }
}