{
    "training": {
        "MAPE": 11462.952548247556,
        "MAE": 2.4974189160683715,
        "MSE": 38.69738301833871,
        "DA": 0.5045355841972541
    },
    "validation": {
        "MAPE": 7419.190365570607,
        "MAE": 2.740718693468893,
        "MSE": 42.43961156996404,
        "DA": 0.5107873353880639
    }
}