{
    "training": {
        "MAPE": 0.3880853359149147,
        "MAE": 0.21826729161702937,
        "MSE": 0.24106287091757617,
        "DA": 0.8918350537144459
    },
    "validation": {
        "MAPE": 0.39331787258819717,
        "MAE": 0.6907292423805432,
        "MSE": 9.645037626603195,
        "DA": 0.911768851303735
    }
}