{
    "training": {
        "MAPE": 3.2204843007685326,
        "MAE": 1.1602411456054984,
        "MSE": 4.888439937974998,
        "DA": 0.5319219782338199
    },
    "validation": {
        "MAPE": 2.7036898820430832,
        "MAE": 2.6970822363001323,
        "MSE": 77.85305410184539,
        "DA": 0.5251585623678647
    }
}