{
    "training": {
        "MAPE": 0.27027994160622854,
        "MAE": 0.18995960705710863,
        "MSE": 0.161330833629487,
        "DA": 0.9261667338462346
    },
    "validation": {
        "MAPE": 0.5532050674782352,
        "MAE": 1.0266378175233672,
        "MSE": 82.97373302738127,
        "DA": 0.9128964059196618
    }
}