{
    "training": {
        "MAPE": 1.230137407014547,
        "MAE": 0.9114862242952285,
        "MSE": 4.577708835337296,
        "DA": 0.5378279385219327
    },
    "validation": {
        "MAPE": 1.3832546170265965,
        "MAE": 2.2774875599464885,
        "MSE": 43.512946754265215,
        "DA": 0.5244538407329103
    }
}