{
    "training": {
        "MAPE": 11662.465669643543,
        "MAE": 2.3711046570376264,
        "MSE": 31.639456345013937,
        "DA": 0.5026092743065285
    },
    "validation": {
        "MAPE": 8285.845502858638,
        "MAE": 3.5120382344405354,
        "MSE": 86.57247728295607,
        "DA": 0.5148500980666854
    }
}