{
    "training": {
        "MAPE": 7.942820857587766,
        "MAE": 2.077630742862218,
        "MSE": 7.330146217450537,
        "DA": 0.4875252865812542
    },
    "validation": {
        "MAPE": 6.5156901046225695,
        "MAE": 2.120691623345107,
        "MSE": 6.864305419956113,
        "DA": 0.4879518072289157
    }
}