{
    "training": {
        "MAPE": 0.0,
        "MAE": 0.0,
        "MSE": 0.0,
        "DA": 1.0
    },
    "validation": {
        "MAPE": 41.40185275609396,
        "MAE": 71.39236346205024,
        "MSE": 25203.42219866211,
        "DA": 0.4713178294573644
    }
}