{
    "training": {
        "MAPE": 2.705114027022715,
        "MAE": 1.3501545958578458,
        "MSE": 6.297957734431801,
        "DA": 0.4763323460857678
    },
    "validation": {
        "MAPE": 2.0808836970956155,
        "MAE": 2.618767749752174,
        "MSE": 57.237975861076094,
        "DA": 0.4861169837914023
    }
}