{
    "training": {
        "MAPE": 1.3545877072640478,
        "MAE": 2.185467062883566,
        "MSE": 9.134654420019888,
        "DA": 0.5107166015316943
    },
    "validation": {
        "MAPE": 30.96066457306284,
        "MAE": 29.636319649771973,
        "MSE": 24566.361017003703,
        "DA": 0.5181113460183228
    }
}