{
    "training": {
        "MAPE": 12311.89187701087,
        "MAE": 2.680679442474892,
        "MSE": 46.53171360801264,
        "DA": 0.5057964415802746
    },
    "validation": {
        "MAPE": 6881.129308109234,
        "MAE": 2.9930911908871187,
        "MSE": 58.155103690438914,
        "DA": 0.5110675259176239
    }
}