{
    "training": {
        "MAPE": 1.2243917172392684,
        "MAE": 0.9127085656397781,
        "MSE": 4.502985213985531,
        "DA": 0.5372846602758451
    },
    "validation": {
        "MAPE": 1.4074029583923258,
        "MAE": 2.3251574135053805,
        "MSE": 46.832595256038275,
        "DA": 0.5167019027484143
    }
}