{
    "training": {
        "MAPE": 1.219347871599197,
        "MAE": 0.8983934471451224,
        "MSE": 4.455828877092486,
        "DA": 0.53059007027567
    },
    "validation": {
        "MAPE": 1.3113357040157043,
        "MAE": 1.9270405183529191,
        "MSE": 24.51121390875285,
        "DA": 0.532628611698379
    }
}