{
    "training": {
        "MAPE": 1.978670538265102,
        "MAE": 1.016374328826891,
        "MSE": 4.842073651703309,
        "DA": 0.4772086013213929
    },
    "validation": {
        "MAPE": 1.8524894948342596,
        "MAE": 2.3337257471435975,
        "MSE": 46.37013787541547,
        "DA": 0.4875264270613107
    }
}