{
    "training": {
        "MAPE": 0.4065448125516604,
        "MAE": 0.2512595195928419,
        "MSE": 0.28517894211071076,
        "DA": 0.8897145160442332
    },
    "validation": {
        "MAPE": 0.5476059593991291,
        "MAE": 0.8811632942358422,
        "MSE": 133.63993188557302,
        "DA": 0.906694855532065
    }
}