{
    "training": {
        "MAPE": 140.31678193564966,
        "MAE": 49.758815254745215,
        "MSE": 9191.151283741412,
        "DA": 0.5032509069241689
    },
    "validation": {
        "MAPE": 134.44368788077125,
        "MAE": 101.12636177626268,
        "MSE": 54631.73394231438,
        "DA": 0.4995066948555321
    }
}