{
    "training": {
        "MAPE": 2.1763583394623036,
        "MAE": 11.808463752520373,
        "MSE": 308.02381198002155,
        "DA": 0.50236008091706
    },
    "validation": {
        "MAPE": 2.5640339258426432,
        "MAE": 43.315085639268325,
        "MSE": 3297.7896497978077,
        "DA": 0.5240963855421686
    }
}