{
    "training": {
        "MAPE": 1.1956783124654,
        "MAE": 0.8926878593105099,
        "MSE": 4.388993604009648,
        "DA": 0.5289427104326948
    },
    "validation": {
        "MAPE": 1.3364582462669314,
        "MAE": 1.9984948356133563,
        "MSE": 27.4843184792668,
        "DA": 0.5150105708245243
    }
}