{
    "training": {
        "MAPE": 1.9453707741970157,
        "MAE": 1.203761197589181,
        "MSE": 6.818874738593367,
        "DA": 0.5124515868982318
    },
    "validation": {
        "MAPE": 1.7205572445913975,
        "MAE": 2.710336126118825,
        "MSE": 48.12006161874669,
        "DA": 0.4748414376321354
    }
}