{
    "training": {
        "MAPE": 2.710007380979222,
        "MAE": 1.1365651014142424,
        "MSE": 5.57381032198858,
        "DA": 0.5313786999877324
    },
    "validation": {
        "MAPE": 2.081790505862422,
        "MAE": 2.217000769196721,
        "MSE": 33.341963881719046,
        "DA": 0.53107822410148
    }
}