{
    "training": {
        "MAPE": 1.1645690805127795,
        "MAE": 0.8651441274041819,
        "MSE": 4.272819963270025,
        "DA": 0.5804314680780217
    },
    "validation": {
        "MAPE": 1.3064744375213126,
        "MAE": 1.8642448762098474,
        "MSE": 22.427014540894817,
        "DA": 0.5207892882311487
    }
}