{
    "training": {
        "MAPE": 0.21302790483388773,
        "MAE": 0.1490119121960814,
        "MSE": 0.10469279266018504,
        "DA": 0.948020539422723
    },
    "validation": {
        "MAPE": 0.5332838315248871,
        "MAE": 0.9671391586069653,
        "MSE": 247.04169477667875,
        "DA": 0.9316420014094433
    }
}