{
    "training": {
        "MAPE": 1768.8443755010112,
        "MAE": 0.9540921040053348,
        "MSE": 4.774169584688098,
        "DA": 0.5073900252171477
    },
    "validation": {
        "MAPE": 1128.483944070404,
        "MAE": 1.8645595910478272,
        "MSE": 21.58337830090657,
        "DA": 0.5128887643597646
    }
}