{
    "training": {
        "MAPE": 12317.737938320224,
        "MAE": 2.7315898966352092,
        "MSE": 51.15366364419104,
        "DA": 0.5082481087139255
    },
    "validation": {
        "MAPE": 6812.66700150557,
        "MAE": 3.283601311487865,
        "MSE": 78.32632295773307,
        "DA": 0.5144298122723452
    }
}