{
    "training": {
        "MAPE": 1.194257201877188,
        "MAE": 0.8865949971610241,
        "MSE": 4.369828604438453,
        "DA": 0.5401237272392703
    },
    "validation": {
        "MAPE": 1.2972226423969146,
        "MAE": 1.8358631485508556,
        "MSE": 21.291343745014846,
        "DA": 0.5307963354474983
    }
}