{
    "training": {
        "MAPE": 0.685204859437991,
        "MAE": 0.5331272633333238,
        "MSE": 2.429797670887879,
        "DA": 0.8143740908851932
    },
    "validation": {
        "MAPE": 0.7182292000763373,
        "MAE": 1.084503153577578,
        "MSE": 10.687160377655644,
        "DA": 0.8163495419309372
    }
}