{
    "training": {
        "MAPE": 11671.614522612528,
        "MAE": 2.2593446834543314,
        "MSE": 25.54174894156258,
        "DA": 0.5092813112916783
    },
    "validation": {
        "MAPE": 6735.799822012653,
        "MAE": 3.0359290198621314,
        "MSE": 61.07820277225878,
        "DA": 0.5128887643597646
    }
}