{
    "training": {
        "MAPE": 2.3883518674513415,
        "MAE": 1.13819615995084,
        "MSE": 6.342797933677758,
        "DA": 0.5065281015054065
    },
    "validation": {
        "MAPE": 2.2121191461276064,
        "MAE": 2.9306062494482634,
        "MSE": 85.13857623210752,
        "DA": 0.49852008456659624
    }
}