{
    "training": {
        "MAPE": 0.0,
        "MAE": 0.0,
        "MSE": 0.0,
        "DA": 1.0
    },
    "validation": {
        "MAPE": 43.27797005244433,
        "MAE": 74.31214214259286,
        "MSE": 25923.159629994934,
        "DA": 0.4703312191684285
    }
}