{
    "training": {
        "MAPE": 1.928574953319058,
        "MAE": 1.0146000970848286,
        "MSE": 4.850879557949564,
        "DA": 0.47757662852035543
    },
    "validation": {
        "MAPE": 1.8405829094501516,
        "MAE": 2.511635352147664,
        "MSE": 63.44008593539144,
        "DA": 0.48625792811839325
    }
}