{
    "training": {
        "MAPE": 30.437107634648193,
        "MAE": 1.1476975683892343,
        "MSE": 2.7394436736358068,
        "DA": 0.5232636547538773
    },
    "validation": {
        "MAPE": 46.28979959455492,
        "MAE": 1.3608879897500317,
        "MSE": 3.3722042213165864,
        "DA": 0.4397590361445783
    }
}