{
    "training": {
        "MAPE": 1.1465890797178082,
        "MAE": 0.8299604008227178,
        "MSE": 3.5972520258140293,
        "DA": 0.625348311456161
    },
    "validation": {
        "MAPE": 1.9130772797922628,
        "MAE": 3.5970452952592056,
        "MSE": 133.6818732337619,
        "DA": 0.5026074700493305
    }
}