{
    "training": {
        "MAPE": 5.766632742431049,
        "MAE": 8.48999099622197,
        "MSE": 122.88139545665935,
        "DA": 0.4861766689143628
    },
    "validation": {
        "MAPE": 5.048473765834507,
        "MAE": 15.639993077809226,
        "MSE": 391.9891462047476,
        "DA": 0.463855421686747
    }
}