{
    "training": {
        "MAPE": 1.3511234830371444,
        "MAE": 0.8752177829745271,
        "MSE": 3.555564439562617,
        "DA": 0.5238779551707822
    },
    "validation": {
        "MAPE": 1.673859039880814,
        "MAE": 6.0730830991678975,
        "MSE": 1123.8822733300692,
        "DA": 0.5020436927413671
    }
}