{
    "training": {
        "MAPE": 1.2027501360147697,
        "MAE": 0.8864438020535029,
        "MSE": 4.3558947390656595,
        "DA": 0.5579818089413084
    },
    "validation": {
        "MAPE": 1.4011163717247945,
        "MAE": 2.330398866330654,
        "MSE": 46.60671997188641,
        "DA": 0.5190979563072586
    }
}