{
    "training": {
        "MAPE": 684.6099567317726,
        "MAE": 0.48307979445898036,
        "MSE": 0.6881464197451688,
        "DA": 0.8768406961178046
    },
    "validation": {
        "MAPE": 334.0432059706419,
        "MAE": 3.6345114949020183,
        "MSE": 23.32213335246874,
        "DA": 0.4759036144578313
    }
}