{
    "training": {
        "MAPE": 1.1681474227842554,
        "MAE": 0.8736843947584839,
        "MSE": 4.307159958812056,
        "DA": 0.520478084856557
    },
    "validation": {
        "MAPE": 1.2941583327500363,
        "MAE": 1.8187773180448839,
        "MSE": 20.61345880045374,
        "DA": 0.5282593375616631
    }
}