{
    "training": {
        "MAPE": 1.808932716207448,
        "MAE": 1.163207582902444,
        "MSE": 6.496013780675283,
        "DA": 0.5129948651443194
    },
    "validation": {
        "MAPE": 2.039734669450018,
        "MAE": 3.784236967550939,
        "MSE": 129.12483519901056,
        "DA": 0.47385482734319945
    }
}