{
    "training": {
        "MAPE": 1.6316364060753688,
        "MAE": 0.9309005523331485,
        "MSE": 4.587460669036267,
        "DA": 0.5154483798040693
    },
    "validation": {
        "MAPE": 1.5744333407080358,
        "MAE": 3.2698522585064262,
        "MSE": 212.47345320350547,
        "DA": 0.4979563072586328
    }
}