{
    "training": {
        "MAPE": 12967.743337898553,
        "MAE": 2.8285133137158347,
        "MSE": 52.39336479261223,
        "DA": 0.511242644998599
    },
    "validation": {
        "MAPE": 6827.420745019524,
        "MAE": 2.981526460943502,
        "MSE": 58.02270973394287,
        "DA": 0.511207621182404
    }
}