{
    "training": {
        "MAPE": 1075.8415703134458,
        "MAE": 0.5504239882100768,
        "MSE": 0.8782727147145895,
        "DA": 0.8801874163319946
    },
    "validation": {
        "MAPE": 376.1154660366473,
        "MAE": 4.387035268117863,
        "MSE": 34.1322363332588,
        "DA": 0.5180722891566265
    }
}