{
    "training": {
        "MAPE": 39.03749084809465,
        "MAE": 9.65526401203437,
        "MSE": 165.83810642500046,
        "DA": 0.4652730950775455
    },
    "validation": {
        "MAPE": 33.70456913929888,
        "MAE": 11.541107443192763,
        "MSE": 229.1363507343576,
        "DA": 0.463855421686747
    }
}