{
    "training": {
        "MAPE": 3404.480273379838,
        "MAE": 1.7029923319879128,
        "MSE": 5.106984625744048,
        "DA": 0.43290627107215107
    },
    "validation": {
        "MAPE": 366.1879207372194,
        "MAE": 3.3216160183999963,
        "MSE": 19.864933332305757,
        "DA": 0.4036144578313253
    }
}