{
    "training": {
        "MAPE": 0.32304315000325773,
        "MAE": 0.19796580858918988,
        "MSE": 0.1779909102388577,
        "DA": 0.9284274723541471
    },
    "validation": {
        "MAPE": 0.5740973114815588,
        "MAE": 0.9816373408785997,
        "MSE": 228.52843327232523,
        "DA": 0.930091613812544
    }
}