{
    "training": {
        "MAPE": 30.157477924579435,
        "MAE": 1.2910241104726556,
        "MSE": 2.9579078030938843,
        "DA": 0.5104517869184086
    },
    "validation": {
        "MAPE": 30.55723520207243,
        "MAE": 6.929673673664024,
        "MSE": 59.771804231841266,
        "DA": 0.5481927710843374
    }
}