{
    "training": {
        "MAPE": 2.211523335834913,
        "MAE": 1.0170191669408164,
        "MSE": 4.5908762033232575,
        "DA": 0.47925903857275554
    },
    "validation": {
        "MAPE": 1.9945081844180645,
        "MAE": 2.2740755365228207,
        "MSE": 42.79894500323773,
        "DA": 0.48202959830866815
    }
}