{
    "training": {
        "MAPE": 0.0,
        "MAE": 0.0,
        "MSE": 0.0,
        "DA": 1.0
    },
    "validation": {
        "MAPE": 21.29646669621561,
        "MAE": 34.7279400674244,
        "MSE": 5542.722062192823,
        "DA": 0.47188160676532775
    }
}