{
    "training": {
        "MAPE": 1.175046212706655,
        "MAE": 0.8770528864165789,
        "MSE": 4.30604025108791,
        "DA": 0.5476595222656456
    },
    "validation": {
        "MAPE": 1.2996404160742587,
        "MAE": 1.8446692562704508,
        "MSE": 21.531612466128614,
        "DA": 0.5233262861169838
    }
}