{
    "training": {
        "MAPE": 0.4962128183862072,
        "MAE": 0.29902060967227856,
        "MSE": 0.35791605078366395,
        "DA": 0.857818825467482
    },
    "validation": {
        "MAPE": 0.5052294678186459,
        "MAE": 0.7767955849938264,
        "MSE": 25.975909937454887,
        "DA": 0.8988019732205779
    }
}