{
    "training": {
        "MAPE": 1.918674075695876,
        "MAE": 0.990832108530378,
        "MSE": 4.723269536555319,
        "DA": 0.47584164315381783
    },
    "validation": {
        "MAPE": 1.7577204054766469,
        "MAE": 2.053379414277973,
        "MSE": 28.235335032998158,
        "DA": 0.4837209302325581
    }
}