{
    "training": {
        "MAPE": 536.1923471301316,
        "MAE": 1.2000684372441164,
        "MSE": 4.430994539748405,
        "DA": 0.5655957161981259
    },
    "validation": {
        "MAPE": 158.7023366185917,
        "MAE": 2.869624941341846,
        "MSE": 15.64800565526662,
        "DA": 0.4457831325301205
    }
}