{
    "training": {
        "MAPE": 1.2193040113130698,
        "MAE": 0.9058744468654563,
        "MSE": 4.518738696859554,
        "DA": 0.5217223672911445
    },
    "validation": {
        "MAPE": 1.3941780272538977,
        "MAE": 2.276539311028223,
        "MSE": 42.692256832760606,
        "DA": 0.5306553911205074
    }
}