{
    "training": {
        "MAPE": 1.1760747870018848,
        "MAE": 0.8784277614340725,
        "MSE": 4.3135929983764845,
        "DA": 0.5474842712185205
    },
    "validation": {
        "MAPE": 1.3068843272902253,
        "MAE": 1.8676991372430463,
        "MSE": 22.000756524315594,
        "DA": 0.5275546159267089
    }
}