{
    "training": {
        "MAPE": 0.0,
        "MAE": 0.0,
        "MSE": 0.0,
        "DA": 1.0
    },
    "validation": {
        "MAPE": 41.96214226820384,
        "MAE": 72.21627660485666,
        "MSE": 24804.272859378867,
        "DA": 0.47061310782241017
    }
}