{
    "training": {
        "MAPE": 12243.48313674931,
        "MAE": 2.6144756093224837,
        "MSE": 42.04503235356751,
        "DA": 0.5061992154665172
    },
    "validation": {
        "MAPE": 6946.345815064282,
        "MAE": 2.9519995626279134,
        "MSE": 54.404198350012074,
        "DA": 0.5081255253572429
    }
}