{
    "training": {
        "MAPE": 1.1747345952594792,
        "MAE": 0.8748995222460662,
        "MSE": 4.2902688075262505,
        "DA": 0.5359527523176951
    },
    "validation": {
        "MAPE": 1.2899923189380051,
        "MAE": 1.8187203106782666,
        "MSE": 20.83725739931122,
        "DA": 0.5238900634249471
    }
}