{
    "training": {
        "MAPE": 0.0,
        "MAE": 0.0,
        "MSE": 0.0,
        "DA": 1.0
    },
    "validation": {
        "MAPE": 5.984121706831047,
        "MAE": 9.255624330396076,
        "MSE": 812.5037010520001,
        "DA": 0.4969696969696969
    }
}