{
    "training": {
        "MAPE": 148.08619452275795,
        "MAE": 49.31597868552312,
        "MSE": 9246.017316553736,
        "DA": 0.5023396014791188
    },
    "validation": {
        "MAPE": 154.371013621379,
        "MAE": 97.69026204479812,
        "MSE": 52365.807586570554,
        "DA": 0.4980972515856237
    }
}