{
    "training": {
        "MAPE": 155.08156162475663,
        "MAE": 49.51115683203019,
        "MSE": 9304.203823591546,
        "DA": 0.5022519759555563
    },
    "validation": {
        "MAPE": 157.9498672907605,
        "MAE": 98.07289769111478,
        "MSE": 52328.15643627459,
        "DA": 0.5003523608174771
    }
}