{
    "training": {
        "MAPE": 3.5837662584439607,
        "MAE": 1.4760830302022108,
        "MSE": 5.748045272510025,
        "DA": 0.4700934088081176
    },
    "validation": {
        "MAPE": 2.9327596991488125,
        "MAE": 2.374614430013642,
        "MSE": 25.300299351171727,
        "DA": 0.46779422128259335
    }
}