{
    "training": {
        "MAPE": 1.0840008825473968,
        "MAE": 1.7837598789404443,
        "MSE": 7.430326983736882,
        "DA": 0.5186379488617444
    },
    "validation": {
        "MAPE": 6.556954188917599,
        "MAE": 16.20614921063627,
        "MSE": 8843.667171685143,
        "DA": 0.5099365750528542
    }
}