{
    "training": {
        "MAPE": 0.369022993109395,
        "MAE": 0.26492377438266984,
        "MSE": 0.34920787236312967,
        "DA": 0.9198051208355971
    },
    "validation": {
        "MAPE": 0.6207131648955567,
        "MAE": 1.0085281262981638,
        "MSE": 122.02943731960036,
        "DA": 0.9229034531360113
    }
}