{
    "training": {
        "MAPE": 1.0137065226360285,
        "MAE": 0.7471815767088468,
        "MSE": 2.6032676290552144,
        "DA": 0.6360386253307865
    },
    "validation": {
        "MAPE": 1.168660759281907,
        "MAE": 1.6829011546359682,
        "MSE": 19.122634933726093,
        "DA": 0.6094432699083862
    }
}