{
    "training": {
        "MAPE": 1.3017509333296429,
        "MAE": 0.9157746546091937,
        "MSE": 4.479480209689552,
        "DA": 0.5242284572650321
    },
    "validation": {
        "MAPE": 1.6202496117117569,
        "MAE": 3.0261976422699757,
        "MSE": 91.63545751688135,
        "DA": 0.48104298801973217
    }
}