{
    "training": {
        "MAPE": 1.2190616131749348,
        "MAE": 0.86496288165162,
        "MSE": 3.9302211068793014,
        "DA": 0.5975184451727098
    },
    "validation": {
        "MAPE": 2.920427921145785,
        "MAE": 6.9906245828790485,
        "MSE": 1377.8156206242286,
        "DA": 0.5062720225510923
    }
}