{
    "training": {
        "MAPE": 1.467454769505373,
        "MAE": 1.0057344946972495,
        "MSE": 5.203781605519143,
        "DA": 0.6867212281593382
    },
    "validation": {
        "MAPE": 3.062652833475325,
        "MAE": 4.4414055277152915,
        "MSE": 142.94162370950747,
        "DA": 0.5131782945736434
    }
}