{
    "training": {
        "MAPE": 0.0,
        "MAE": 0.0,
        "MSE": 0.0,
        "DA": 1.0
    },
    "validation": {
        "MAPE": 18.369852875522472,
        "MAE": 27.709698486151602,
        "MSE": 2818.455113842699,
        "DA": 0.47357293868921785
    }
}