{
    "training": {
        "MAPE": 7835.925377324009,
        "MAE": 1.5232694860704188,
        "MSE": 10.439551456265464,
        "DA": 0.5009631549453629
    },
    "validation": {
        "MAPE": 4595.1742920141005,
        "MAE": 2.1337840910526946,
        "MSE": 24.498199438130587,
        "DA": 0.5068646679742225
    }
}