{
    "training": {
        "MAPE": 1.18231535855738,
        "MAE": 0.8799937521630591,
        "MSE": 4.32249511367317,
        "DA": 0.5346033192548325
    },
    "validation": {
        "MAPE": 1.2926201997250126,
        "MAE": 1.8258886384897195,
        "MSE": 21.097607719771585,
        "DA": 0.523185341789993
    }
}