{
    "training": {
        "MAPE": 2.0168038297892785,
        "MAE": 1.1280748829238885,
        "MSE": 5.88440236833556,
        "DA": 0.4954347102223936
    },
    "validation": {
        "MAPE": 2.148180829132574,
        "MAE": 4.229961955477188,
        "MSE": 369.5767358678867,
        "DA": 0.48569415081042994
    }
}