{
    "training": {
        "MAPE": 1.4746229836399072,
        "MAE": 0.9426257660874765,
        "MSE": 5.167359878001618,
        "DA": 0.48456914530064327
    },
    "validation": {
        "MAPE": 1.5617518821018144,
        "MAE": 4.4483645062581525,
        "MSE": 555.9050131410942,
        "DA": 0.4927413671599718
    }
}