{
    "training": {
        "MAPE": 4.733061521866742,
        "MAE": 1.4220569629103668,
        "MSE": 3.6777848774017765,
        "DA": 0.5057316250842886
    },
    "validation": {
        "MAPE": 3.8463306748913246,
        "MAE": 1.8474041145004911,
        "MSE": 4.998889082043128,
        "DA": 0.5240963855421686
    }
}