{
    "training": {
        "MAPE": 1.0278106089987296,
        "MAE": 0.7387594247998294,
        "MSE": 3.349809968099991,
        "DA": 0.6827956047037381
    },
    "validation": {
        "MAPE": 1.6544431985458241,
        "MAE": 2.9055710240177306,
        "MSE": 83.16124639799006,
        "DA": 0.5020436927413671
    }
}