{
    "training": {
        "MAPE": 714.9191327737265,
        "MAE": 0.4622579040796551,
        "MSE": 0.7304760324215666,
        "DA": 0.8835341365461847
    },
    "validation": {
        "MAPE": 261.85336313626675,
        "MAE": 3.37748601314376,
        "MSE": 20.18810932082186,
        "DA": 0.5
    }
}