{
    "training": {
        "MAPE": 1.1917766124664075,
        "MAE": 0.8975712272597481,
        "MSE": 4.493661137705241,
        "DA": 0.4908080825782934
    },
    "validation": {
        "MAPE": 1.4987608134499473,
        "MAE": 2.658841295717947,
        "MSE": 65.86471632192013,
        "DA": 0.47949260042283304
    }
}