{
    "training": {
        "MAPE": 1.2386143110323564,
        "MAE": 0.8870829939206762,
        "MSE": 4.225962508989634,
        "DA": 0.5577014072659084
    },
    "validation": {
        "MAPE": 1.6564450861327007,
        "MAE": 3.2707870892858484,
        "MSE": 125.38075928707619,
        "DA": 0.49852008456659624
    }
}