{
    "training": {
        "MAPE": 10.112010672939109,
        "MAE": 5.179369337740292,
        "MSE": 44.89250340833778,
        "DA": 0.4983142279163857
    },
    "validation": {
        "MAPE": 5.300822033681365,
        "MAE": 16.70979639841411,
        "MSE": 413.5215836436268,
        "DA": 0.463855421686747
    }
}