{
    "training": {
        "MAPE": 0.0,
        "MAE": 0.0,
        "MSE": 0.0,
        "DA": 1.0
    },
    "validation": {
        "MAPE": 8.16551230799247,
        "MAE": 13.379132982326489,
        "MSE": 1978.4083779021148,
        "DA": 0.47695560253699787
    }
}