{
    "training": {
        "MAPE": 798.0097856662578,
        "MAE": 0.8865263071935436,
        "MSE": 4.422840056548656,
        "DA": 0.4916818436536845
    },
    "validation": {
        "MAPE": 1351.4376678296992,
        "MAE": 1.9150663280564761,
        "MSE": 23.31620346153455,
        "DA": 0.49131409358363687
    }
}