{
    "training": {
        "MAPE": 0.0,
        "MAE": 0.0,
        "MSE": 0.0,
        "DA": 1.0
    },
    "validation": {
        "MAPE": 7.383577739965654,
        "MAE": 12.100303509598415,
        "MSE": 1021.0967175008933,
        "DA": 0.4848484848484849
    }
}