{
    "training": {
        "MAPE": 1080.1183247713461,
        "MAE": 0.5349184023722855,
        "MSE": 0.8917761541729895,
        "DA": 0.8674698795180723
    },
    "validation": {
        "MAPE": 693.8809579191443,
        "MAE": 5.924617360520389,
        "MSE": 65.0685400789822,
        "DA": 0.5
    }
}