{
    "training": {
        "MAPE": 2.143577055364016,
        "MAE": 0.9833450694739656,
        "MSE": 1.758488051985946,
        "DA": 0.4868509777478085
    },
    "validation": {
        "MAPE": 2.3580413994649816,
        "MAE": 1.6131137322522922,
        "MSE": 6.20755422199702,
        "DA": 0.4879518072289157
    }
}