{
    "training": {
        "MAPE": 1.2449326018382438,
        "MAE": 0.9224177797440556,
        "MSE": 4.519024583261446,
        "DA": 0.5331662606684076
    },
    "validation": {
        "MAPE": 1.3889403037347468,
        "MAE": 2.2103122857973756,
        "MSE": 38.4991818115345,
        "DA": 0.5227625088090204
    }
}