{
    "training": {
        "MAPE": 1.1805536420584286,
        "MAE": 0.8810033327995747,
        "MSE": 4.332188544077396,
        "DA": 0.5255428401184696
    },
    "validation": {
        "MAPE": 1.315630711594728,
        "MAE": 1.9186458733022378,
        "MSE": 23.51696315012071,
        "DA": 0.5233262861169838
    }
}