{
    "training": {
        "MAPE": 1.2677068933086388,
        "MAE": 0.9273122323902089,
        "MSE": 4.645974037198561,
        "DA": 0.5303972941238324
    },
    "validation": {
        "MAPE": 1.3827606824709096,
        "MAE": 2.238713943018371,
        "MSE": 40.592745356667685,
        "DA": 0.5286821705426356
    }
}