{
    "training": {
        "MAPE": 1.1769850681786647,
        "MAE": 0.8786577033673425,
        "MSE": 4.322657477147015,
        "DA": 0.53528679833862
    },
    "validation": {
        "MAPE": 1.299415220937356,
        "MAE": 1.8408432254673697,
        "MSE": 21.286222234710365,
        "DA": 0.5258632840028188
    }
}