{
    "training": {
        "MAPE": 2.926276483843977,
        "MAE": 1.173290021961858,
        "MSE": 4.891193054152228,
        "DA": 0.4732654527610802
    },
    "validation": {
        "MAPE": 2.376080827790465,
        "MAE": 2.160848533222741,
        "MSE": 26.76118723652465,
        "DA": 0.47625088090204365
    }
}