{
    "training": {
        "MAPE": 0.0,
        "MAE": 0.0,
        "MSE": 0.0,
        "DA": 1.0
    },
    "validation": {
        "MAPE": 18.681533293427332,
        "MAE": 28.87817290656891,
        "MSE": 3047.0955650017218,
        "DA": 0.47216349541930946
    }
}