{
    "training": {
        "MAPE": 7.867814042055301,
        "MAE": 2.1249925909402236,
        "MSE": 8.510093569531584,
        "DA": 0.50236008091706
    },
    "validation": {
        "MAPE": 12.025265070595974,
        "MAE": 5.570407504692763,
        "MSE": 43.47951787212469,
        "DA": 0.45180722891566266
    }
}