{
    "training": {
        "MAPE": 1.0357268048916077,
        "MAE": 1.7179155969654765,
        "MSE": 7.010321054795439,
        "DA": 0.5227563484691821
    },
    "validation": {
        "MAPE": 21.03593994353843,
        "MAE": 27.114024584704204,
        "MSE": 24056.413764666817,
        "DA": 0.5174066243833686
    }
}