{
    "training": {
        "MAPE": 4.489482035069773,
        "MAE": 1.3977988242588912,
        "MSE": 3.083588426936882,
        "DA": 0.4942683749157114
    },
    "validation": {
        "MAPE": 11.483431819464034,
        "MAE": 4.90398943324289,
        "MSE": 27.629860117958884,
        "DA": 0.536144578313253
    }
}