{
    "training": {
        "MAPE": 1835.1714095684822,
        "MAE": 0.9656519603092227,
        "MSE": 4.882441187801778,
        "DA": 0.5032922387223312
    },
    "validation": {
        "MAPE": 1105.1847346559916,
        "MAE": 1.8866489012193413,
        "MSE": 22.11264002110106,
        "DA": 0.5061641916503222
    }
}