{
    "training": {
        "MAPE": 2.560479072140175,
        "MAE": 1.9397909132553883,
        "MSE": 6.189732538827369,
        "DA": 0.4915711395819285
    },
    "validation": {
        "MAPE": 4.659710092015761,
        "MAE": 4.487596095650496,
        "MSE": 27.197883714034138,
        "DA": 0.5602409638554217
    }
}