{
    "training": {
        "MAPE": 1.183961109032621,
        "MAE": 0.8835648899007892,
        "MSE": 4.3342291412513685,
        "DA": 0.5294859886787823
    },
    "validation": {
        "MAPE": 1.3063789587866086,
        "MAE": 1.9020275194793914,
        "MSE": 23.544494123564757,
        "DA": 0.5254404510218463
    }
}