{
    "training": {
        "MAPE": 1.5049276670805822,
        "MAE": 1.086918701446918,
        "MSE": 5.968374561410645,
        "DA": 0.4857433273163807
    },
    "validation": {
        "MAPE": 1.4982750753275436,
        "MAE": 2.314659961514463,
        "MSE": 35.7364177419786,
        "DA": 0.4918957011980269
    }
}