{
    "training": {
        "MAPE": 2.047251031991006,
        "MAE": 2.2934063288850606,
        "MSE": 9.521527785038298,
        "DA": 0.4875252865812542
    },
    "validation": {
        "MAPE": 2.1561873455813987,
        "MAE": 3.7890272531109663,
        "MSE": 24.862990984631935,
        "DA": 0.5240963855421686
    }
}