{
    "training": {
        "MAPE": 2.3583368137360594,
        "MAE": 1.1039646924621302,
        "MSE": 5.023127889188413,
        "DA": 0.4750530134417554
    },
    "validation": {
        "MAPE": 2.163192383496403,
        "MAE": 2.548793926001196,
        "MSE": 60.514274440219474,
        "DA": 0.48372093023255813
    }
}