{
    "training": {
        "MAPE": 1.1931000784529038,
        "MAE": 0.8936429126406623,
        "MSE": 4.45914153651548,
        "DA": 0.48667215786614326
    },
    "validation": {
        "MAPE": 1.52197538014376,
        "MAE": 2.788053402596078,
        "MSE": 78.35909099476598,
        "DA": 0.4799154334038056
    }
}