{
    "training": {
        "MAPE": 1.0754722593995683,
        "MAE": 1.7780367930769734,
        "MSE": 7.406249566080492,
        "DA": 0.5102434237044566
    },
    "validation": {
        "MAPE": 7.726906142981154,
        "MAE": 15.982087824290222,
        "MSE": 8507.00866425915,
        "DA": 0.493446088794926
    }
}