{
    "training": {
        "MAPE": 1.177291543825115,
        "MAE": 0.8782380852662705,
        "MSE": 4.329272401639274,
        "DA": 0.5338146895427701
    },
    "validation": {
        "MAPE": 1.3093600538923789,
        "MAE": 1.847920576980316,
        "MSE": 20.99004789505451,
        "DA": 0.525722339675828
    }
}