{
    "training": {
        "MAPE": 0.0,
        "MAE": 0.0,
        "MSE": 0.0,
        "DA": 1.0
    },
    "validation": {
        "MAPE": 4.667014162650789,
        "MAE": 6.806302071697585,
        "MSE": 326.62615680668466,
        "DA": 0.489922480620155
    }
}