{
    "training": {
        "MAPE": 0.0,
        "MAE": 0.0,
        "MSE": 0.0,
        "DA": 1.0
    },
    "validation": {
        "MAPE": 33.985422570665094,
        "MAE": 58.11706598363874,
        "MSE": 15707.804157716795,
        "DA": 0.4704721634954193
    }
}