{
    "training": {
        "MAPE": 3.3074842668198094,
        "MAE": 1.4097967971306242,
        "MSE": 5.866947824881997,
        "DA": 0.4724242477348801
    },
    "validation": {
        "MAPE": 2.5485571548803305,
        "MAE": 2.9298351638675832,
        "MSE": 73.31758301358066,
        "DA": 0.47357293868921774
    }
}