{
    "training": {
        "MAPE": 0.0,
        "MAE": 0.0,
        "MSE": 0.0,
        "DA": 1.0
    },
    "validation": {
        "MAPE": 21.44021052927495,
        "MAE": 34.27166278006935,
        "MSE": 4893.654413096623,
        "DA": 0.4714587737843552
    }
}