{
    "training": {
        "MAPE": 1.2047448485057297,
        "MAE": 0.8961299712910443,
        "MSE": 4.4032148586750255,
        "DA": 0.5319745535479575
    },
    "validation": {
        "MAPE": 1.345067868393913,
        "MAE": 1.9782041039738094,
        "MSE": 25.42606111634291,
        "DA": 0.5048625792811839
    }
}