{
    "training": {
        "MAPE": 1.1858724656026827,
        "MAE": 0.8795901203471161,
        "MSE": 4.312086344157651,
        "DA": 0.545013231454058
    },
    "validation": {
        "MAPE": 1.2941882873310697,
        "MAE": 1.8277627047920613,
        "MSE": 21.036037033146062,
        "DA": 0.5289640591966174
    }
}