{
    "training": {
        "MAPE": 0.0,
        "MAE": 0.0,
        "MSE": 0.0,
        "DA": 1.0
    },
    "validation": {
        "MAPE": 7.179758945909162,
        "MAE": 10.456631358796283,
        "MSE": 541.5085509595989,
        "DA": 0.47850599013389716
    }
}