{
    "training": {
        "MAPE": 11917.982481856256,
        "MAE": 2.6425283380503797,
        "MSE": 45.59385865237884,
        "DA": 0.5046581675539368
    },
    "validation": {
        "MAPE": 7151.28423614333,
        "MAE": 3.2285534721058893,
        "MSE": 73.08832371596185,
        "DA": 0.5127486690949846
    }
}