{
    "training": {
        "MAPE": 4.39598566484432,
        "MAE": 1.1432760498016028,
        "MSE": 2.165282909472525,
        "DA": 0.48213081591368845
    },
    "validation": {
        "MAPE": 3.560815133605237,
        "MAE": 1.1562165037600578,
        "MSE": 2.1216674527521233,
        "DA": 0.5481927710843374
    }
}