{
    "training": {
        "MAPE": 1.1734225528918276,
        "MAE": 0.8770830819728862,
        "MSE": 4.324885786702321,
        "DA": 0.5013757207199312
    },
    "validation": {
        "MAPE": 1.3243713127708048,
        "MAE": 1.998502020904017,
        "MSE": 27.42929347114088,
        "DA": 0.4883720930232558
    }
}