{
    "training": {
        "MAPE": 48.34638435889029,
        "MAE": 41.6830127627072,
        "MSE": 6356.469513588623,
        "DA": 0.46919962846778007
    },
    "validation": {
        "MAPE": 61.01025844410965,
        "MAE": 100.4021972506315,
        "MSE": 44374.2226957399,
        "DA": 0.4677942212825934
    }
}