{
    "training": {
        "MAPE": 1689.453824205587,
        "MAE": 1.3929699591273967,
        "MSE": 7.579833838627916,
        "DA": 0.48728246318607765
    },
    "validation": {
        "MAPE": 184.1127384198297,
        "MAE": 2.9262317161428077,
        "MSE": 16.018051691107836,
        "DA": 0.4397590361445783
    }
}