{
    "training": {
        "MAPE": 1.0149470925805553,
        "MAE": 0.7476640450213763,
        "MSE": 2.604849078121699,
        "DA": 0.6376509349643363
    },
    "validation": {
        "MAPE": 1.1658742891513112,
        "MAE": 1.6629056148777566,
        "MSE": 18.458977251890612,
        "DA": 0.6111346018322763
    }
}