{
    "training": {
        "MAPE": 1.767449308992938,
        "MAE": 1.1469429370123787,
        "MSE": 6.346500769506306,
        "DA": 0.5151855032333819
    },
    "validation": {
        "MAPE": 2.0382783112791696,
        "MAE": 3.798555646474439,
        "MSE": 130.44436621075923,
        "DA": 0.4728682170542635
    }
}