{
    "training": {
        "MAPE": 1275.1952074369158,
        "MAE": 0.7653394597146778,
        "MSE": 1.504012740096728,
        "DA": 0.7884872824631861
    },
    "validation": {
        "MAPE": 554.1497880457223,
        "MAE": 4.665931187187243,
        "MSE": 37.645451124654635,
        "DA": 0.4578313253012048
    }
}