{
    "training": {
        "MAPE": 1.0378790428457152,
        "MAE": 0.7631672841369788,
        "MSE": 2.7397900715221786,
        "DA": 0.6339005625558612
    },
    "validation": {
        "MAPE": 1.179345313745651,
        "MAE": 1.6667202821490017,
        "MSE": 17.990751634171883,
        "DA": 0.6053558844256519
    }
}