{
    "training": {
        "MAPE": 2.713293907574365,
        "MAE": 1.1129858863387547,
        "MSE": 4.855642266418999,
        "DA": 0.47550866616428034
    },
    "validation": {
        "MAPE": 2.3296094881650613,
        "MAE": 2.464270249007629,
        "MSE": 54.71063928027449,
        "DA": 0.47596899224806205
    }
}