{
    "training": {
        "MAPE": 0.0,
        "MAE": 0.0,
        "MSE": 0.0,
        "DA": 1.0
    },
    "validation": {
        "MAPE": 13.514087066056673,
        "MAE": 18.928871496572015,
        "MSE": 1190.7994988730934,
        "DA": 0.47188160676532764
    }
}