{
    "training": {
        "MAPE": 1907.619236788302,
        "MAE": 0.9688612503613864,
        "MSE": 4.879416138695728,
        "DA": 0.5070047632390025
    },
    "validation": {
        "MAPE": 1218.0939043778608,
        "MAE": 1.8914828110063695,
        "MSE": 21.975880422320728,
        "DA": 0.511207621182404
    }
}