{
    "training": {
        "MAPE": 447.37993241198666,
        "MAE": 1.1143699438427266,
        "MSE": 2.578944262223105,
        "DA": 0.570281124497992
    },
    "validation": {
        "MAPE": 280.55401056138953,
        "MAE": 3.5073996172503135,
        "MSE": 25.62693628409646,
        "DA": 0.5060240963855421
    }
}