{
    "training": {
        "MAPE": 5.953272861490284,
        "MAE": 4.900412104367567,
        "MSE": 37.50153187427271,
        "DA": 0.4983142279163857
    },
    "validation": {
        "MAPE": 5.886130273509721,
        "MAE": 6.6603704779162385,
        "MSE": 63.97045263772703,
        "DA": 0.5120481927710844
    }
}