{
    "training": {
        "MAPE": 2.35096271836326,
        "MAE": 1.7374273615063365,
        "MSE": 5.6573313769454225,
        "DA": 0.47403910991233983
    },
    "validation": {
        "MAPE": 3.449195355736719,
        "MAE": 5.458002008677956,
        "MSE": 57.37738341748139,
        "DA": 0.4939759036144578
    }
}