{
    "training": {
        "MAPE": 507.2727613165913,
        "MAE": 1.2506878382459101,
        "MSE": 6.429856535122804,
        "DA": 0.5327978580990629
    },
    "validation": {
        "MAPE": 121.7458879198453,
        "MAE": 2.8332030190397823,
        "MSE": 15.863514323409952,
        "DA": 0.45180722891566266
    }
}