{
    "training": {
        "MAPE": 1.1469781673721275,
        "MAE": 0.8214331837939962,
        "MSE": 3.4684592098188065,
        "DA": 0.6260668407493736
    },
    "validation": {
        "MAPE": 1.815571031146569,
        "MAE": 3.032259980813902,
        "MSE": 78.98159123415195,
        "DA": 0.5076814658210007
    }
}