{
    "training": {
        "MAPE": 1.031539175345076,
        "MAE": 1.7099885861631707,
        "MSE": 6.987557125649179,
        "DA": 0.5237027041236572
    },
    "validation": {
        "MAPE": 12.856551175468017,
        "MAE": 15.402859050124658,
        "MSE": 7255.851183246736,
        "DA": 0.5190979563072586
    }
}