{
    "training": {
        "MAPE": 4.811422130906515,
        "MAE": 1.790904035538844,
        "MSE": 13.677601045466277,
        "DA": 0.5004118399607438
    },
    "validation": {
        "MAPE": 4.1039467556242615,
        "MAE": 5.354669230062442,
        "MSE": 427.6779448518882,
        "DA": 0.4937279774489077
    }
}