{
    "training": {
        "MAPE": 3.3229337184343706,
        "MAE": 1.8563848075455411,
        "MSE": 5.895305827870866,
        "DA": 0.49629130141604855
    },
    "validation": {
        "MAPE": 4.68289247582022,
        "MAE": 4.87573145883526,
        "MSE": 32.38105752276733,
        "DA": 0.4819277108433735
    }
}