{
    "training": {
        "MAPE": 2.607330022337837,
        "MAE": 1.093943218637762,
        "MSE": 4.790202378142314,
        "DA": 0.53416519163702
    },
    "validation": {
        "MAPE": 2.311374931825807,
        "MAE": 2.0919603757893013,
        "MSE": 25.52946689414437,
        "DA": 0.5236081747709654
    }
}