{
    "training": {
        "MAPE": 2.2753353406843706,
        "MAE": 1.045168452408341,
        "MSE": 4.715175170914413,
        "DA": 0.47634987119048045
    },
    "validation": {
        "MAPE": 2.0324384581976167,
        "MAE": 2.2337058077636103,
        "MSE": 38.321780864877326,
        "DA": 0.4811839323467231
    }
}