{
    "training": {
        "MAPE": 1293.6897253498537,
        "MAE": 0.73375130624993,
        "MSE": 1.4697123417075533,
        "DA": 0.8078982597054887
    },
    "validation": {
        "MAPE": 832.3869625663306,
        "MAE": 5.003332090531307,
        "MSE": 43.15403395207179,
        "DA": 0.4879518072289157
    }
}