{
    "training": {
        "MAPE": 5.595447384298203,
        "MAE": 1.5555914811187517,
        "MSE": 5.741437166449585,
        "DA": 0.5313786999877325
    },
    "validation": {
        "MAPE": 4.1169469132532015,
        "MAE": 2.3066984121643817,
        "MSE": 23.074618465712494,
        "DA": 0.5284002818886541
    }
}