{
    "training": {
        "MAPE": 0.4220116775985488,
        "MAE": 0.22558779057433684,
        "MSE": 0.2788232422559817,
        "DA": 0.9101838383484341
    },
    "validation": {
        "MAPE": 0.5160238919228645,
        "MAE": 0.9074406536101767,
        "MSE": 248.61765794271537,
        "DA": 0.9341789992952783
    }
}