{
    "training": {
        "MAPE": 1.4944103056693783,
        "MAE": 2.01741812137902,
        "MSE": 7.01802951702004,
        "DA": 0.4868509777478085
    },
    "validation": {
        "MAPE": 1.4466207705275802,
        "MAE": 3.173502814926788,
        "MSE": 21.448864086512504,
        "DA": 0.5120481927710844
    }
}