{
    "training": {
        "MAPE": 106.58989289008059,
        "MAE": 1.1698362252466705,
        "MSE": 2.782132456656782,
        "DA": 0.5549561699258261
    },
    "validation": {
        "MAPE": 100.45930021104313,
        "MAE": 2.801025954780954,
        "MSE": 15.430565390702368,
        "DA": 0.5843373493975904
    }
}