{
    "training": {
        "MAPE": 2.1126575999022554,
        "MAE": 1.0115354996392725,
        "MSE": 4.456745456940898,
        "DA": 0.47182839417465516
    },
    "validation": {
        "MAPE": 1.9608475348826653,
        "MAE": 2.1116571525733785,
        "MSE": 30.53788350303536,
        "DA": 0.46694855532064833
    }
}