{
    "training": {
        "MAPE": 154.97750048456146,
        "MAE": 49.53273742991758,
        "MSE": 9309.739237119147,
        "DA": 0.5023571265838314
    },
    "validation": {
        "MAPE": 158.05199791671674,
        "MAE": 98.04115311992172,
        "MSE": 52328.519895294994,
        "DA": 0.49978858350951366
    }
}