{
    "training": {
        "MAPE": 1.1801529339934347,
        "MAE": 0.884941725931972,
        "MSE": 4.374852486847088,
        "DA": 0.5297839154588948
    },
    "validation": {
        "MAPE": 1.3090351093249208,
        "MAE": 1.8599186527752423,
        "MSE": 22.512928584989258,
        "DA": 0.5119097956307258
    }
}