{
    "training": {
        "MAPE": 1.1796042668948101,
        "MAE": 0.8828725205566844,
        "MSE": 4.372088722239497,
        "DA": 0.4924554424212685
    },
    "validation": {
        "MAPE": 1.3548650297813472,
        "MAE": 2.103999318292277,
        "MSE": 31.76671087933428,
        "DA": 0.4931642001409444
    }
}