{
    "training": {
        "MAPE": 1.189050789281644,
        "MAE": 0.880956292689999,
        "MSE": 4.329719414121588,
        "DA": 0.5337095389144949
    },
    "validation": {
        "MAPE": 1.3086167969440081,
        "MAE": 1.9411195104534353,
        "MSE": 24.987432754506333,
        "DA": 0.5219168428470754
    }
}