{
    "training": {
        "MAPE": 1.2124029708673865,
        "MAE": 0.8887180675727776,
        "MSE": 4.351238872293348,
        "DA": 0.532728133050595
    },
    "validation": {
        "MAPE": 1.2950945329286436,
        "MAE": 1.8305895318554783,
        "MSE": 21.024386920892518,
        "DA": 0.5298097251585624
    }
}