{
    "training": {
        "MAPE": 145.0636527084803,
        "MAE": 50.08028909599032,
        "MSE": 9274.659115878545,
        "DA": 0.5036890345419814
    },
    "validation": {
        "MAPE": 131.45773521544396,
        "MAE": 101.60183881219342,
        "MSE": 55003.9040869765,
        "DA": 0.49668780831571524
    }
}