{
    "training": {
        "MAPE": 2.1915992983844355,
        "MAE": 1.0145086282678732,
        "MSE": 4.535562267824155,
        "DA": 0.5352517481291952
    },
    "validation": {
        "MAPE": 1.9935812280324217,
        "MAE": 2.118441541653849,
        "MSE": 30.627643896797306,
        "DA": 0.5251585623678646
    }
}