{
    "training": {
        "MAPE": 1454.781147585095,
        "MAE": 1.3609237974994335,
        "MSE": 7.477125370142105,
        "DA": 0.4879518072289157
    },
    "validation": {
        "MAPE": 170.42146161433632,
        "MAE": 2.9055413421179446,
        "MSE": 15.95546531109583,
        "DA": 0.43373493975903615
    }
}