{
    "training": {
        "MAPE": 1241.8389054495015,
        "MAE": 0.9143018080660009,
        "MSE": 4.48512143059062,
        "DA": 0.5208566825441301
    },
    "validation": {
        "MAPE": 806.4932184764015,
        "MAE": 1.8439309790914524,
        "MSE": 21.333633276169948,
        "DA": 0.5242364808069486
    }
}