{
    "training": {
        "MAPE": 1.7998102819751123,
        "MAE": 0.9567011144102606,
        "MSE": 4.371757642434552,
        "DA": 0.4708820385201802
    },
    "validation": {
        "MAPE": 1.856137460197856,
        "MAE": 1.9878369226553219,
        "MSE": 24.70647116254398,
        "DA": 0.4661028893587033
    }
}