{
    "training": {
        "MAPE": 1.223186193342571,
        "MAE": 0.9047085063307685,
        "MSE": 4.485715755180181,
        "DA": 0.5168328630763569
    },
    "validation": {
        "MAPE": 1.3584043993272727,
        "MAE": 2.063369191779782,
        "MSE": 29.325310368511815,
        "DA": 0.5016208597603946
    }
}