{
    "training": {
        "MAPE": 3.1623744941201433,
        "MAE": 1.3740595474658008,
        "MSE": 5.460180073129315,
        "DA": 0.4696903313997301
    },
    "validation": {
        "MAPE": 2.640396123172009,
        "MAE": 2.3635101005409105,
        "MSE": 28.114217576762773,
        "DA": 0.46751233262861175
    }
}