{
    "training": {
        "MAPE": 1.8993181981972695,
        "MAE": 3.3839374673848526,
        "MSE": 19.383915237211035,
        "DA": 0.471341874578557
    },
    "validation": {
        "MAPE": 2.476269392685418,
        "MAE": 4.94722899294185,
        "MSE": 43.64733059437252,
        "DA": 0.5240963855421686
    }
}