{
    "training": {
        "MAPE": 0.252432205561329,
        "MAE": 0.1776121655314469,
        "MSE": 0.15357898230639902,
        "DA": 0.938364206726135
    },
    "validation": {
        "MAPE": 0.618528094255818,
        "MAE": 1.0821035823704463,
        "MSE": 227.85203656872386,
        "DA": 0.9158562367864692
    }
}