{
    "training": {
        "MAPE": 12450.928358410432,
        "MAE": 2.6693034752525873,
        "MSE": 45.72150151568087,
        "DA": 0.5056913701316896
    },
    "validation": {
        "MAPE": 6846.072887885182,
        "MAE": 3.129224966087207,
        "MSE": 68.17898186079138,
        "DA": 0.5086859064163631
    }
}