{"training": {"MAPE": 35.09102223535331, "MAE": 191.38201945302302, "MSE": 65591.90496914268, "DA": 0.4996628455832771}, "validation": {"MAPE": 49.176715155410776, "MAE": 858.647328619129, "MSE": 752967.5754415124, "DA": 0.5}}