{
    "training": {
        "MAPE": 1768.7222731127217,
        "MAE": 0.9540862649141771,
        "MSE": 4.774124415013949,
        "DA": 0.5073900252171477
    },
    "validation": {
        "MAPE": 1128.545026093479,
        "MAE": 1.8645484691725212,
        "MSE": 21.583042710495405,
        "DA": 0.5128887643597646
    }
}