{
    "training": {
        "MAPE": 10916.806164190488,
        "MAE": 2.476545977305007,
        "MSE": 39.87872147481613,
        "DA": 0.5037300364247689
    },
    "validation": {
        "MAPE": 7177.020750245853,
        "MAE": 2.9681172931689375,
        "MSE": 55.19848091385393,
        "DA": 0.5116279069767443
    }
}