{
    "training": {
        "MAPE": 13908.533532959898,
        "MAE": 2.79735594983306,
        "MSE": 43.604855705971836,
        "DA": 0.5035549173437939
    },
    "validation": {
        "MAPE": 6813.388819159375,
        "MAE": 3.0935793969917955,
        "MSE": 61.503612935303295,
        "DA": 0.5109274306528441
    }
}