{
    "training": {
        "MAPE": 1.1862949847401354,
        "MAE": 0.8838064764287666,
        "MSE": 4.345316641830204,
        "DA": 0.53227248032807
    },
    "validation": {
        "MAPE": 1.2978338888903909,
        "MAE": 1.859509128169475,
        "MSE": 22.004993732060267,
        "DA": 0.5295278365045807
    }
}