{
    "training": {
        "MAPE": 1.9291428307531957,
        "MAE": 1.005384687261046,
        "MSE": 4.725467685131266,
        "DA": 0.4852350992797183
    },
    "validation": {
        "MAPE": 1.8625532138251502,
        "MAE": 2.2518485588184354,
        "MSE": 40.31177349458192,
        "DA": 0.4851303735024664
    }
}