{
    "training": {
        "MAPE": 1.187549014922047,
        "MAE": 0.8868217935674698,
        "MSE": 4.343165835641836,
        "DA": 0.53311368535427
    },
    "validation": {
        "MAPE": 1.323296654669108,
        "MAE": 1.906304613315416,
        "MSE": 23.78861988436161,
        "DA": 0.5198026779422128
    }
}