{
    "training": {
        "MAPE": 1.8089077399528246,
        "MAE": 1.1416955296982065,
        "MSE": 6.2464332872080055,
        "DA": 0.5128721894113317
    },
    "validation": {
        "MAPE": 1.971304263193661,
        "MAE": 3.703756785726777,
        "MSE": 129.7940836734445,
        "DA": 0.47794221282593374
    }
}