{
    "training": {
        "MAPE": 1.1884072813837614,
        "MAE": 0.8838204657932095,
        "MSE": 4.386556185828584,
        "DA": 0.5140463714270692
    },
    "validation": {
        "MAPE": 1.4348201419950777,
        "MAE": 2.4777960112409545,
        "MSE": 54.95082736254768,
        "DA": 0.4885130373502466
    }
}