{
    "training": {
        "MAPE": 1.244979816215503,
        "MAE": 0.927035222060375,
        "MSE": 4.777735260181288,
        "DA": 0.4886174444892308
    },
    "validation": {
        "MAPE": 1.341805407742514,
        "MAE": 1.9798464287205833,
        "MSE": 26.65317463721052,
        "DA": 0.48583509513742074
    }
}