{
    "training": {
        "MAPE": 1.32157504615759,
        "MAE": 0.9150952142196465,
        "MSE": 4.41681604507392,
        "DA": 0.5359702774224077
    },
    "validation": {
        "MAPE": 1.6657833595300784,
        "MAE": 3.2678901457205405,
        "MSE": 120.07548166056743,
        "DA": 0.4859760394644116
    }
}