{
    "training": {
        "MAPE": 1.6199405340201798,
        "MAE": 0.8894872678110298,
        "MSE": 3.841011795081209,
        "DA": 0.5084383379190691
    },
    "validation": {
        "MAPE": 1.987750744626273,
        "MAE": 7.979576932390587,
        "MSE": 2295.030385949726,
        "DA": 0.49668780831571524
    }
}