{
    "training": {
        "MAPE": 3.0860276780787648,
        "MAE": 1.247786603430325,
        "MSE": 4.96623236540764,
        "DA": 0.47103976446259266
    },
    "validation": {
        "MAPE": 2.7039113215362875,
        "MAE": 2.2070915061601166,
        "MSE": 25.405156427183694,
        "DA": 0.46751233262861175
    }
}