{
    "training": {
        "MAPE": 2.0592874409629185,
        "MAE": 1.0121914997650951,
        "MSE": 4.482445189734551,
        "DA": 0.47184591927936775
    },
    "validation": {
        "MAPE": 1.985565196095936,
        "MAE": 2.0163987090681808,
        "MSE": 24.35116744809688,
        "DA": 0.46553911205074
    }
}